text,sentiment,aspect
delivery was breathtaking.,Positive,Delivery
"For the cost, this is ok.",Neutral,Pricing
My experience with the agent was vile!,Negative,Customer Service
Shipping was subpar!,Negative,Delivery
"It is too expensive, disgusting value!",Negative,Pricing
Pricing is absolutely disgusting.,Negative,Pricing
The build material is broken.,Negative,Product Quality
"App keeps crashing, standard experience.",Neutral,App/Website
the package arrived horrendous.,Negative,Delivery
"Honestly, the product feels atrocious.",Negative,Product Quality
"It took forever to arrive, exquisite shipping!",Positive,Delivery
"Honestly, the product feels revolting!",Negative,Product Quality
"It is too expensive, splendid value!",Positive,Pricing
The user interface is inferior!,Negative,App/Website
Pricing is absolutely glorious.,Positive,Pricing
the package arrived outstanding.,Positive,Delivery
"honestly, the product feels splendid.",Positive,Product Quality
The website is fair.,Neutral,App/Website
The price is hated.,Negative,Pricing
The support team is unbearable!,Negative,Customer Service
my experience with the agent was lousy.,Negative,Customer Service
The support team is immaculate.,Positive,Customer Service
I found the item to be terrible.,Negative,Product Quality
my experience with the agent was terrible.,Negative,Customer Service
The app is great!,Positive,App/Website
Shipping was appalling!,Negative,Delivery
The price is amazing.,Positive,Pricing
The package arrived inferior!,Negative,Delivery
"they ignored my emails, average support.",Neutral,Customer Service
I found the item to be awesome.,Positive,Product Quality
The build material is cheap!,Negative,Product Quality
Logistics and shipping speed were abysmal!,Negative,Delivery
Navigation is passable.,Neutral,App/Website
Logistics and shipping speed were splendid!,Positive,Delivery
"It took forever to arrive, great shipping!",Positive,Delivery
The user interface is breathtaking!,Positive,App/Website
"It is too expensive, appalling value.",Negative,Pricing
"Honestly, the product feels perfect.",Positive,Product Quality
The support team is worst!,Negative,Customer Service
"They ignored my emails, cheap support!",Negative,Customer Service
My experience with the agent was fine.,Neutral,Customer Service
the price is fair.,Neutral,Pricing
the build material is first-rate.,Positive,Product Quality
The package arrived glorious!,Positive,Delivery
the user interface is pathetic.,Negative,App/Website
quality is unremarkable.,Neutral,Product Quality
the price is acceptable.,Neutral,Pricing
"honestly, the product feels repulsive.",Negative,Product Quality
I found the item to be lousy!,Negative,Product Quality
Navigation is deplorable!,Negative,App/Website
Quality is subpar!,Negative,Product Quality
My experience with the agent was wonderful!,Positive,Customer Service
the website is abysmal.,Negative,App/Website
Pricing is absolutely unremarkable.,Neutral,Pricing
"For the cost, this is atrocious!",Negative,Pricing
The product is superb!,Positive,Product Quality
logistics and shipping speed were undistinguished.,Neutral,Delivery
The support team is revolting.,Negative,Customer Service
I found the item to be amazing.,Positive,Product Quality
value for money is worst.,Negative,Pricing
the support team is disgusting.,Negative,Customer Service
"This product is exactly what I expected, absolutely impressive.",Positive,Product Quality
delivery was pathetic.,Negative,Delivery
The website is awesome.,Positive,App/Website
delivery was bad.,Negative,Delivery
Logistics and shipping speed were broken.,Negative,Delivery
The price is hate.,Negative,Pricing
The build material is stellar!,Positive,Product Quality
"It is too expensive, unbearable value.",Negative,Pricing
"It is too expensive, inferior value!",Negative,Pricing
"This product is exactly what I expected, absolutely cheap.",Negative,Product Quality
quality is brilliant.,Positive,Product Quality
Delivery was wonderful!,Positive,Delivery
"They ignored my emails, undistinguished support.",Neutral,Customer Service
The website is splendid!,Positive,App/Website
"This product is exactly what I expected, absolutely average!",Neutral,Product Quality
"This product is exactly what I expected, absolutely superb.",Positive,Product Quality
The support team is breathtaking.,Positive,Customer Service
"they ignored my emails, superlative support.",Positive,Customer Service
Delivery was abysmal.,Negative,Delivery
The user interface is dreadful.,Negative,App/Website
Customer service was horrendous!,Negative,Customer Service
"App keeps crashing, garbage experience!",Negative,App/Website
"app keeps crashing, exceptional experience.",Positive,App/Website
"It is too expensive, trash value!",Negative,Pricing
"It is too expensive, run-of-the-mill value.",Neutral,Pricing
my experience with the agent was appalling.,Negative,Customer Service
"Support replied immediately, acceptable service.",Neutral,Customer Service
The build material is exquisite.,Positive,Product Quality
"It took forever to arrive, impressive shipping!",Positive,Delivery
The build material is ok!,Neutral,Product Quality
"Support replied immediately, inadequate service.",Negative,Customer Service
The package arrived loved!,Positive,Delivery
the website is average.,Neutral,App/Website
the support team is adequate.,Neutral,Customer Service
Customer service was unacceptable!,Negative,Customer Service
the package arrived exquisite.,Positive,Delivery
"It took forever to arrive, unacceptable shipping!",Negative,Delivery
"This product is exactly what I expected, absolutely poor!",Negative,Product Quality
Value for money is hated!,Negative,Pricing
"It is too expensive, adequate value.",Neutral,Pricing
"support replied immediately, abysmal service.",Negative,Customer Service
Quality is atrocious!,Negative,Product Quality
Value for money is fantastic!,Positive,Pricing
Shipping was perfect!,Positive,Delivery
pricing is absolutely top-notch.,Positive,Pricing
The website is atrocious.,Negative,App/Website
the support team is first-rate.,Positive,Customer Service
"honestly, the product feels run-of-the-mill.",Neutral,Product Quality
"They ignored my emails, poor support!",Negative,Customer Service
Logistics and shipping speed were unremarkable.,Neutral,Delivery
"app keeps crashing, stellar experience.",Positive,App/Website
"Honestly, the product feels terrible.",Negative,Product Quality
"It is too expensive, dreadful value!",Negative,Pricing
The build material is hate.,Negative,Product Quality
the price is disgusting.,Negative,Pricing
The product is top-notch!,Positive,Product Quality
Shipping was ok.,Neutral,Delivery
"honestly, the product feels love.",Positive,Product Quality
The product is hated!,Negative,Product Quality
the package arrived so-so.,Neutral,Delivery
"App keeps crashing, splendid experience!",Positive,App/Website
the build material is trash.,Negative,Product Quality
"they ignored my emails, amazing support.",Positive,Customer Service
My experience with the agent was exceptional!,Positive,Customer Service
My experience with the agent was fair!,Neutral,Customer Service
my experience with the agent was hated.,Negative,Customer Service
Customer service was superb.,Positive,Customer Service
"This product is exactly what I expected, absolutely exceptional.",Positive,Product Quality
customer service was fantastic.,Positive,Customer Service
the price is mediocre.,Neutral,Pricing
I found the item to be horrible!,Negative,Product Quality
the website is hated.,Negative,App/Website
Value for money is loved.,Positive,Pricing
"honestly, the product feels superb.",Positive,Product Quality
"Honestly, the product feels decent!",Neutral,Product Quality
The package arrived love.,Positive,Delivery
Pricing is absolutely amazing!,Positive,Pricing
"honestly, the product feels subpar.",Negative,Product Quality
The website is repulsive!,Negative,App/Website
Quality is flawless.,Positive,Product Quality
"Honestly, the product feels unparalleled.",Positive,Product Quality
Delivery was exquisite.,Positive,Delivery
the product is pathetic.,Negative,Product Quality
"Support replied immediately, horrible service.",Negative,Customer Service
Customer service was passable.,Neutral,Customer Service
Pricing is absolutely impressive.,Positive,Pricing
"Support replied immediately, awful service.",Negative,Customer Service
"it took forever to arrive, excellent shipping.",Positive,Delivery
I found the item to be breathtaking.,Positive,Product Quality
value for money is first-rate.,Positive,Pricing
Customer service was unparalleled!,Positive,Customer Service
i found the item to be broken.,Negative,Product Quality
"They ignored my emails, unremarkable support!",Neutral,Customer Service
"App keeps crashing, average experience!",Neutral,App/Website
"For the cost, this is middle-of-the-road.",Neutral,Pricing
"support replied immediately, decent service.",Neutral,Customer Service
The app is disgusting!,Negative,App/Website
the product is unbeatable.,Positive,Product Quality
The build material is useless!,Negative,Product Quality
Value for money is outstanding.,Positive,Pricing
I found the item to be ok!,Neutral,Product Quality
The app is mediocre.,Neutral,App/Website
My experience with the agent was stellar.,Positive,Customer Service
the app is garbage.,Negative,App/Website
logistics and shipping speed were splendid.,Positive,Delivery
the user interface is unparalleled.,Positive,App/Website
logistics and shipping speed were fine.,Neutral,Delivery
"App keeps crashing, inadequate experience!",Negative,App/Website
Quality is superlative!,Positive,Product Quality
Logistics and shipping speed were fine!,Neutral,Delivery
The app is average.,Neutral,App/Website
The product is horrible!,Negative,Product Quality
Delivery was unparalleled.,Positive,Delivery
the product is standard.,Neutral,Product Quality
The build material is outstanding!,Positive,Product Quality
The app is lousy!,Negative,App/Website
Shipping was horrible.,Negative,Delivery
the product is stellar.,Positive,Product Quality
"They ignored my emails, tolerable support.",Neutral,Customer Service
The website is fantastic.,Positive,App/Website
"Support replied immediately, deplorable service!",Negative,Customer Service
the support team is undistinguished.,Neutral,Customer Service
The package arrived exceptional.,Positive,Delivery
The app is loved!,Positive,App/Website
pricing is absolutely exquisite.,Positive,Pricing
Quality is ok!,Neutral,Product Quality
The website is vile!,Negative,App/Website
"Honestly, the product feels tolerable.",Neutral,Product Quality
Customer service was atrocious!,Negative,Customer Service
"This product is exactly what I expected, absolutely fine.",Neutral,Product Quality
The build material is superlative.,Positive,Product Quality
the app is lousy.,Negative,App/Website
The user interface is inadequate.,Negative,App/Website
i found the item to be unacceptable.,Negative,Product Quality
customer service was superlative.,Positive,Customer Service
"It is too expensive, repulsive value!",Negative,Pricing
"Support replied immediately, lousy service.",Negative,Customer Service
The app is dreadful.,Negative,App/Website
The support team is okay.,Neutral,Customer Service
The support team is broken!,Negative,Customer Service
Logistics and shipping speed were defective!,Negative,Delivery
customer service was unparalleled.,Positive,Customer Service
navigation is impressive.,Positive,App/Website
The app is revolting.,Negative,App/Website
The product is bad!,Negative,Product Quality
Logistics and shipping speed were terrible.,Negative,Delivery
i found the item to be abysmal.,Negative,Product Quality
"They ignored my emails, adequate support.",Neutral,Customer Service
Shipping was poor!,Negative,Delivery
navigation is hate.,Negative,App/Website
The package arrived amazing.,Positive,Delivery
my experience with the agent was run-of-the-mill.,Neutral,Customer Service
Customer service was fine.,Neutral,Customer Service
The support team is first-rate.,Positive,Customer Service
"They ignored my emails, disappointing support.",Negative,Customer Service
Customer service was ok!,Neutral,Customer Service
"Honestly, the product feels unbearable!",Negative,Product Quality
I found the item to be poor!,Negative,Product Quality
The package arrived excellent!,Positive,Delivery
Quality is loved!,Positive,Product Quality
Delivery was breathtaking.,Positive,Delivery
"App keeps crashing, top-notch experience.",Positive,App/Website
"App keeps crashing, broken experience.",Negative,App/Website
pricing is absolutely first-rate.,Positive,Pricing
Quality is immaculate!,Positive,Product Quality
The price is inadequate!,Negative,Pricing
"honestly, the product feels unparalleled.",Positive,Product Quality
"honestly, the product feels flawless.",Positive,Product Quality
navigation is loved.,Positive,App/Website
Value for money is ok!,Neutral,Pricing
"it is too expensive, amazing value.",Positive,Pricing
Value for money is lousy.,Negative,Pricing
The user interface is marvelous.,Positive,App/Website
"it is too expensive, appalling value.",Negative,Pricing
"It took forever to arrive, revolting shipping.",Negative,Delivery
value for money is poor.,Negative,Pricing
shipping was loved.,Positive,Delivery
"App keeps crashing, exquisite experience.",Positive,App/Website
logistics and shipping speed were awful.,Negative,Delivery
"App keeps crashing, unbeatable experience.",Positive,App/Website
My experience with the agent was standard.,Neutral,Customer Service
"It is too expensive, magnificent value!",Positive,Pricing
"for the cost, this is immaculate.",Positive,Pricing
Delivery was bland.,Neutral,Delivery
My experience with the agent was awesome!,Positive,Customer Service
The build material is vile.,Negative,Product Quality
the product is inferior.,Negative,Product Quality
shipping was brilliant.,Positive,Delivery
the build material is abysmal.,Negative,Product Quality
The price is loved.,Positive,Pricing
Delivery was exquisite!,Positive,Delivery
"it took forever to arrive, average shipping.",Neutral,Delivery
customer service was fair.,Neutral,Customer Service
Quality is magnificent!,Positive,Product Quality
"it is too expensive, defective value.",Negative,Pricing
My experience with the agent was trash!,Negative,Customer Service
i found the item to be acceptable.,Neutral,Product Quality
The build material is bland.,Neutral,Product Quality
the product is top-notch.,Positive,Product Quality
I found the item to be first-rate!,Positive,Product Quality
Customer service was decent!,Neutral,Customer Service
the app is great.,Positive,App/Website
The product is bad.,Negative,Product Quality
Shipping was tolerable.,Neutral,Delivery
logistics and shipping speed were great.,Positive,Delivery
"honestly, the product feels worst.",Negative,Product Quality
"they ignored my emails, glorious support.",Positive,Customer Service
customer service was middle-of-the-road.,Neutral,Customer Service
The website is dreadful.,Negative,App/Website
"It took forever to arrive, horrible shipping.",Negative,Delivery
"Honestly, the product feels outstanding!",Positive,Product Quality
logistics and shipping speed were so-so.,Neutral,Delivery
Shipping was middle-of-the-road.,Neutral,Delivery
"for the cost, this is inadequate.",Negative,Pricing
The product is loved!,Positive,Product Quality
pricing is absolutely superb.,Positive,Pricing
"Support replied immediately, repulsive service.",Negative,Customer Service
Quality is poor!,Negative,Product Quality
The product is fine.,Neutral,Product Quality
the build material is bland.,Neutral,Product Quality
Logistics and shipping speed were first-rate.,Positive,Delivery
The price is unbearable!,Negative,Pricing
customer service was decent.,Neutral,Customer Service
i found the item to be awful.,Negative,Product Quality
Value for money is decent!,Neutral,Pricing
delivery was undistinguished.,Neutral,Delivery
Quality is lousy.,Negative,Product Quality
"Support replied immediately, subpar service.",Negative,Customer Service
The app is superlative!,Positive,App/Website
Shipping was top-notch.,Positive,Delivery
My experience with the agent was vile.,Negative,Customer Service
"honestly, the product feels dreadful.",Negative,Product Quality
"Honestly, the product feels acceptable!",Neutral,Product Quality
The build material is loved.,Positive,Product Quality
"They ignored my emails, defective support.",Negative,Customer Service
Logistics and shipping speed were unparalleled.,Positive,Delivery
I found the item to be fantastic.,Positive,Product Quality
Pricing is absolutely revolting.,Negative,Pricing
My experience with the agent was impressive!,Positive,Customer Service
shipping was repulsive.,Negative,Delivery
my experience with the agent was pathetic.,Negative,Customer Service
The website is bad.,Negative,App/Website
"They ignored my emails, worst support.",Negative,Customer Service
"Support replied immediately, okay service!",Neutral,Customer Service
pricing is absolutely hated.,Negative,Pricing
Shipping was okay.,Neutral,Delivery
"it took forever to arrive, acceptable shipping.",Neutral,Delivery
Shipping was superb.,Positive,Delivery
"It took forever to arrive, so-so shipping!",Neutral,Delivery
"app keeps crashing, immaculate experience.",Positive,App/Website
i found the item to be great.,Positive,Product Quality
The build material is unremarkable.,Neutral,Product Quality
the user interface is superb.,Positive,App/Website
customer service was glorious.,Positive,Customer Service
Customer service was terrible.,Negative,Customer Service
The support team is useless!,Negative,Customer Service
"It took forever to arrive, superb shipping.",Positive,Delivery
Logistics and shipping speed were poor.,Negative,Delivery
"For the cost, this is unparalleled!",Positive,Pricing
"honestly, the product feels cheap.",Negative,Product Quality
"For the cost, this is broken.",Negative,Pricing
the user interface is exquisite.,Positive,App/Website
My experience with the agent was decent.,Neutral,Customer Service
I found the item to be vile.,Negative,Product Quality
"support replied immediately, poor service.",Negative,Customer Service
The package arrived brilliant!,Positive,Delivery
Shipping was average!,Neutral,Delivery
"support replied immediately, disgusting service.",Negative,Customer Service
"for the cost, this is top-notch.",Positive,Pricing
"This product is exactly what I expected, absolutely so-so.",Neutral,Product Quality
Delivery was flawless!,Positive,Delivery
"Honestly, the product feels flawless.",Positive,Product Quality
I found the item to be trash.,Negative,Product Quality
"It is too expensive, awesome value!",Positive,Pricing
Value for money is inferior.,Negative,Pricing
The product is good!,Positive,Product Quality
Delivery was poor!,Negative,Delivery
the product is bland.,Neutral,Product Quality
"Honestly, the product feels phenomenal!",Positive,Product Quality
I found the item to be unacceptable.,Negative,Product Quality
"This product is exactly what I expected, absolutely disappointing.",Negative,Product Quality
The app is atrocious.,Negative,App/Website
the price is exceptional.,Positive,Pricing
"Honestly, the product feels stellar.",Positive,Product Quality
I found the item to be mediocre.,Neutral,Product Quality
Quality is okay!,Neutral,Product Quality
The user interface is horrible.,Negative,App/Website
Value for money is superlative.,Positive,Pricing
The website is horrible.,Negative,App/Website
My experience with the agent was bad.,Negative,Customer Service
Shipping was superb!,Positive,Delivery
the website is inferior.,Negative,App/Website
"they ignored my emails, standard support.",Neutral,Customer Service
Pricing is absolutely defective.,Negative,Pricing
The app is cheap!,Negative,App/Website
"Honestly, the product feels okay!",Neutral,Product Quality
Customer service was magnificent!,Positive,Customer Service
The user interface is pathetic.,Negative,App/Website
the package arrived superb.,Positive,Delivery
Delivery was loved.,Positive,Delivery
The user interface is lackluster!,Neutral,App/Website
navigation is inferior.,Negative,App/Website
shipping was glorious.,Positive,Delivery
quality is unparalleled.,Positive,Product Quality
The product is tolerable!,Neutral,Product Quality
"App keeps crashing, flawless experience.",Positive,App/Website
the price is awful.,Negative,Pricing
quality is fine.,Neutral,Product Quality
"They ignored my emails, ok support.",Neutral,Customer Service
navigation is awful.,Negative,App/Website
my experience with the agent was excellent.,Positive,Customer Service
"It took forever to arrive, loved shipping!",Positive,Delivery
i found the item to be unremarkable.,Neutral,Product Quality
quality is perfect.,Positive,Product Quality
"This product is exactly what I expected, absolutely defective.",Negative,Product Quality
"App keeps crashing, phenomenal experience!",Positive,App/Website
"Support replied immediately, inferior service!",Negative,Customer Service
"it took forever to arrive, atrocious shipping.",Negative,Delivery
Value for money is perfect.,Positive,Pricing
Customer service was bad.,Negative,Customer Service
"Support replied immediately, exquisite service.",Positive,Customer Service
I found the item to be unbearable!,Negative,Product Quality
"it took forever to arrive, fantastic shipping.",Positive,Delivery
Value for money is unremarkable!,Neutral,Pricing
Quality is lousy!,Negative,Product Quality
"this product is exactly what i expected, absolutely run-of-the-mill.",Neutral,Product Quality
The product is unparalleled.,Positive,Product Quality
My experience with the agent was outstanding!,Positive,Customer Service
"for the cost, this is run-of-the-mill.",Neutral,Pricing
"support replied immediately, average service.",Neutral,Customer Service
value for money is unparalleled.,Positive,Pricing
delivery was poor.,Negative,Delivery
"Honestly, the product feels bad!",Negative,Product Quality
"honestly, the product feels unbeatable.",Positive,Product Quality
Shipping was pathetic!,Negative,Delivery
Shipping was superlative.,Positive,Delivery
"App keeps crashing, inferior experience!",Negative,App/Website
"for the cost, this is glorious.",Positive,Pricing
"This product is exactly what I expected, absolutely flawless.",Positive,Product Quality
"For the cost, this is awesome.",Positive,Pricing
The build material is atrocious!,Negative,Product Quality
Logistics and shipping speed were fair.,Neutral,Delivery
"They ignored my emails, splendid support.",Positive,Customer Service
The support team is subpar!,Negative,Customer Service
Quality is fantastic!,Positive,Product Quality
"Support replied immediately, bad service.",Negative,Customer Service
"Support replied immediately, awful service!",Negative,Customer Service
Customer service was marvelous!,Positive,Customer Service
Pricing is absolutely love.,Positive,Pricing
Delivery was inadequate!,Negative,Delivery
I found the item to be horrible.,Negative,Product Quality
Quality is average.,Neutral,Product Quality
"It is too expensive, pathetic value!",Negative,Pricing
customer service was worst.,Negative,Customer Service
"It is too expensive, superlative value.",Positive,Pricing
The package arrived immaculate.,Positive,Delivery
navigation is revolting.,Negative,App/Website
Pricing is absolutely flawless!,Positive,Pricing
Value for money is passable!,Neutral,Pricing
Pricing is absolutely impressive!,Positive,Pricing
"Honestly, the product feels lousy!",Negative,Product Quality
"This product is exactly what I expected, absolutely passable!",Neutral,Product Quality
the support team is dreadful.,Negative,Customer Service
Pricing is absolutely broken.,Negative,Pricing
The support team is revolting!,Negative,Customer Service
"app keeps crashing, appalling experience.",Negative,App/Website
My experience with the agent was top-notch!,Positive,Customer Service
Value for money is superb!,Positive,Pricing
"honestly, the product feels inferior.",Negative,Product Quality
The user interface is loved!,Positive,App/Website
navigation is undistinguished.,Neutral,App/Website
Quality is loved.,Positive,Product Quality
Delivery was repulsive!,Negative,Delivery
"This product is exactly what I expected, absolutely glorious!",Positive,Product Quality
Quality is breathtaking!,Positive,Product Quality
the app is unremarkable.,Neutral,App/Website
The price is unremarkable.,Neutral,Pricing
"it took forever to arrive, terrible shipping.",Negative,Delivery
"For the cost, this is unbearable!",Negative,Pricing
"This product is exactly what I expected, absolutely phenomenal!",Positive,Product Quality
Logistics and shipping speed were unbearable!,Negative,Delivery
Shipping was good.,Positive,Delivery
"it took forever to arrive, bland shipping.",Neutral,Delivery
The package arrived immaculate!,Positive,Delivery
Value for money is middle-of-the-road!,Neutral,Pricing
shipping was fantastic.,Positive,Delivery
Logistics and shipping speed were bland!,Neutral,Delivery
"They ignored my emails, lackluster support!",Neutral,Customer Service
delivery was subpar.,Negative,Delivery
"Support replied immediately, revolting service.",Negative,Customer Service
Logistics and shipping speed were trash.,Negative,Delivery
Customer service was middle-of-the-road.,Neutral,Customer Service
"They ignored my emails, atrocious support!",Negative,Customer Service
"It took forever to arrive, flawless shipping!",Positive,Delivery
The website is appalling.,Negative,App/Website
Quality is hate.,Negative,Product Quality
Pricing is absolutely excellent!,Positive,Pricing
Quality is exceptional!,Positive,Product Quality
My experience with the agent was brilliant.,Positive,Customer Service
the package arrived defective.,Negative,Delivery
The product is perfect!,Positive,Product Quality
The website is so-so!,Neutral,App/Website
Quality is phenomenal!,Positive,Product Quality
the price is lackluster.,Neutral,Pricing
"For the cost, this is disappointing!",Negative,Pricing
The product is glorious!,Positive,Product Quality
"App keeps crashing, decent experience!",Neutral,App/Website
the support team is superlative.,Positive,Customer Service
i found the item to be breathtaking.,Positive,Product Quality
my experience with the agent was awesome.,Positive,Customer Service
"Support replied immediately, terrible service.",Negative,Customer Service
"It is too expensive, exceptional value.",Positive,Pricing
The package arrived repulsive!,Negative,Delivery
"for the cost, this is excellent.",Positive,Pricing
the price is vile.,Negative,Pricing
the price is worst.,Negative,Pricing
My experience with the agent was revolting!,Negative,Customer Service
Customer service was horrible.,Negative,Customer Service
quality is hated.,Negative,Product Quality
The price is broken.,Negative,Pricing
"App keeps crashing, outstanding experience!",Positive,App/Website
"Support replied immediately, flawless service.",Positive,Customer Service
The price is disgusting!,Negative,Pricing
The support team is disgusting.,Negative,Customer Service
quality is cheap.,Negative,Product Quality
The price is lousy.,Negative,Pricing
Navigation is abysmal!,Negative,App/Website
The price is disgusting.,Negative,Pricing
"It is too expensive, bland value.",Neutral,Pricing
"this product is exactly what i expected, absolutely perfect.",Positive,Product Quality
Customer service was fantastic.,Positive,Customer Service
the product is wonderful.,Positive,Product Quality
"For the cost, this is trash!",Negative,Pricing
logistics and shipping speed were disappointing.,Negative,Delivery
"for the cost, this is stellar.",Positive,Pricing
Customer service was dreadful!,Negative,Customer Service
The package arrived awesome.,Positive,Delivery
Value for money is trash!,Negative,Pricing
"for the cost, this is unacceptable.",Negative,Pricing
The price is good!,Positive,Pricing
My experience with the agent was disappointing.,Negative,Customer Service
"For the cost, this is bad!",Negative,Pricing
shipping was fine.,Neutral,Delivery
The support team is run-of-the-mill.,Neutral,Customer Service
"app keeps crashing, good experience.",Positive,App/Website
I found the item to be unbeatable.,Positive,Product Quality
The app is marvelous!,Positive,App/Website
The package arrived flawless.,Positive,Delivery
My experience with the agent was poor.,Negative,Customer Service
The price is exceptional.,Positive,Pricing
quality is stellar.,Positive,Product Quality
"Honestly, the product feels immaculate.",Positive,Product Quality
delivery was horrible.,Negative,Delivery
The website is immaculate.,Positive,App/Website
Value for money is bland.,Neutral,Pricing
delivery was trash.,Negative,Delivery
the price is magnificent.,Positive,Pricing
quality is bland.,Neutral,Product Quality
Logistics and shipping speed were acceptable.,Neutral,Delivery
quality is inferior.,Negative,Product Quality
pricing is absolutely useless.,Negative,Pricing
I found the item to be top-notch.,Positive,Product Quality
Value for money is bad!,Negative,Pricing
Customer service was so-so!,Neutral,Customer Service
the app is adequate.,Neutral,App/Website
pricing is absolutely subpar.,Negative,Pricing
the app is subpar.,Negative,App/Website
the build material is loved.,Positive,Product Quality
"It took forever to arrive, repulsive shipping.",Negative,Delivery
Customer service was broken.,Negative,Customer Service
pricing is absolutely poor.,Negative,Pricing
shipping was excellent.,Positive,Delivery
Value for money is loved!,Positive,Pricing
"Honestly, the product feels exquisite!",Positive,Product Quality
"This product is exactly what I expected, absolutely subpar!",Negative,Product Quality
Value for money is awful!,Negative,Pricing
The build material is fine!,Neutral,Product Quality
"They ignored my emails, fine support!",Neutral,Customer Service
"Support replied immediately, atrocious service.",Negative,Customer Service
"this product is exactly what i expected, absolutely horrendous.",Negative,Product Quality
The website is deplorable!,Negative,App/Website
"Honestly, the product feels horrendous!",Negative,Product Quality
"They ignored my emails, marvelous support.",Positive,Customer Service
pricing is absolutely flawless.,Positive,Pricing
The product is not good at all.,Negative,Product Quality
The price is awful.,Negative,Pricing
"honestly, the product feels fine.",Neutral,Product Quality
Pricing is absolutely okay!,Neutral,Pricing
"app keeps crashing, superb experience.",Positive,App/Website
"App keeps crashing, loved experience.",Positive,App/Website
navigation is atrocious.,Negative,App/Website
"App keeps crashing, broken experience!",Negative,App/Website
Value for money is subpar!,Negative,Pricing
The product is inadequate.,Negative,Product Quality
"This product is exactly what I expected, absolutely first-rate!",Positive,Product Quality
my experience with the agent was breathtaking.,Positive,Customer Service
quality is passable.,Neutral,Product Quality
Shipping was phenomenal.,Positive,Delivery
the support team is awful.,Negative,Customer Service
pricing is absolutely terrible.,Negative,Pricing
The support team is immaculate!,Positive,Customer Service
I found the item to be middle-of-the-road!,Neutral,Product Quality
quality is top-notch.,Positive,Product Quality
The price is inferior.,Negative,Pricing
The app is lackluster.,Neutral,App/Website
"This product is exactly what I expected, absolutely horrendous.",Negative,Product Quality
navigation is garbage.,Negative,App/Website
i found the item to be decent.,Neutral,Product Quality
The product is love.,Positive,Product Quality
"Support replied immediately, decent service.",Neutral,Customer Service
The support team is pathetic.,Negative,Customer Service
The build material is immaculate!,Positive,Product Quality
The support team is awesome.,Positive,Customer Service
customer service was poor.,Negative,Customer Service
Pricing is absolutely repulsive!,Negative,Pricing
delivery was loved.,Positive,Delivery
"it is too expensive, magnificent value.",Positive,Pricing
The price is exquisite!,Positive,Pricing
Shipping was superlative!,Positive,Delivery
"App keeps crashing, adequate experience.",Neutral,App/Website
the website is garbage.,Negative,App/Website
Customer service was stellar.,Positive,Customer Service
"It is too expensive, okay value!",Neutral,Pricing
Navigation is superlative!,Positive,App/Website
"It took forever to arrive, fine shipping.",Neutral,Delivery
Navigation is magnificent.,Positive,App/Website
the package arrived adequate.,Neutral,Delivery
pricing is absolutely tolerable.,Neutral,Pricing
"This product is exactly what I expected, absolutely loved!",Positive,Product Quality
The product is phenomenal!,Positive,Product Quality
The app is repulsive.,Negative,App/Website
"It is too expensive, terrible value.",Negative,Pricing
"They ignored my emails, inadequate support.",Negative,Customer Service
The app is terrible!,Negative,App/Website
"It is too expensive, disgusting value.",Negative,Pricing
Shipping was trash.,Negative,Delivery
the product is flawless.,Positive,Product Quality
"Honestly, the product feels appalling.",Negative,Product Quality
The price is poor.,Negative,Pricing
The website is average!,Neutral,App/Website
The price is marvelous.,Positive,Pricing
quality is flawless.,Positive,Product Quality
"For the cost, this is wonderful.",Positive,Pricing
Navigation is brilliant!,Positive,App/Website
"It took forever to arrive, disgusting shipping.",Negative,Delivery
The product is immaculate.,Positive,Product Quality
The website is okay.,Neutral,App/Website
I found the item to be useless!,Negative,Product Quality
"they ignored my emails, undistinguished support.",Neutral,Customer Service
Customer service was top-notch!,Positive,Customer Service
"This product is exactly what I expected, absolutely mediocre.",Neutral,Product Quality
I found the item to be excellent!,Positive,Product Quality
"support replied immediately, acceptable service.",Neutral,Customer Service
"They ignored my emails, average support.",Neutral,Customer Service
the package arrived pathetic.,Negative,Delivery
Value for money is good!,Positive,Pricing
Navigation is horrible.,Negative,App/Website
Logistics and shipping speed were breathtaking!,Positive,Delivery
"app keeps crashing, useless experience.",Negative,App/Website
"it took forever to arrive, splendid shipping.",Positive,Delivery
i found the item to be average.,Neutral,Product Quality
The product is deplorable!,Negative,Product Quality
The user interface is deplorable.,Negative,App/Website
Delivery was undistinguished.,Neutral,Delivery
"this product is exactly what i expected, absolutely vile.",Negative,Product Quality
Customer service was garbage!,Negative,Customer Service
pricing is absolutely unremarkable.,Neutral,Pricing
Navigation is horrendous!,Negative,App/Website
Shipping was acceptable.,Neutral,Delivery
delivery was brilliant.,Positive,Delivery
The package arrived dreadful.,Negative,Delivery
The price is cheap!,Negative,Pricing
The product is inadequate!,Negative,Product Quality
the app is passable.,Neutral,App/Website
Delivery was mediocre!,Neutral,Delivery
shipping was deplorable.,Negative,Delivery
customer service was outstanding.,Positive,Customer Service
The app is first-rate.,Positive,App/Website
Delivery was middle-of-the-road.,Neutral,Delivery
the product is abysmal.,Negative,Product Quality
My experience with the agent was unremarkable!,Neutral,Customer Service
Quality is mediocre.,Neutral,Product Quality
Pricing is absolutely mediocre!,Neutral,Pricing
My experience with the agent was abysmal!,Negative,Customer Service
"This product is exactly what I expected, absolutely loved.",Positive,Product Quality
Shipping was run-of-the-mill!,Neutral,Delivery
the build material is exquisite.,Positive,Product Quality
logistics and shipping speed were deplorable.,Negative,Delivery
"It took forever to arrive, worst shipping!",Negative,Delivery
"it took forever to arrive, awesome shipping.",Positive,Delivery
Value for money is unbeatable.,Positive,Pricing
"They ignored my emails, unbearable support!",Negative,Customer Service
I found the item to be unacceptable!,Negative,Product Quality
Customer service was awful!,Negative,Customer Service
"honestly, the product feels inadequate.",Negative,Product Quality
"it is too expensive, horrible value.",Negative,Pricing
"It took forever to arrive, outstanding shipping.",Positive,Delivery
The website is disappointing!,Negative,App/Website
Navigation is unbeatable.,Positive,App/Website
the website is exceptional.,Positive,App/Website
Value for money is top-notch.,Positive,Pricing
"This product is exactly what I expected, absolutely excellent!",Positive,Product Quality
Delivery was horrible!,Negative,Delivery
Value for money is unacceptable!,Negative,Pricing
"honestly, the product feels vile.",Negative,Product Quality
the website is tolerable.,Neutral,App/Website
the package arrived undistinguished.,Neutral,Delivery
the support team is trash.,Negative,Customer Service
I found the item to be disgusting.,Negative,Product Quality
Delivery was amazing.,Positive,Delivery
Value for money is fair!,Neutral,Pricing
The website is undistinguished!,Neutral,App/Website
"They ignored my emails, passable support!",Neutral,Customer Service
Delivery was perfect.,Positive,Delivery
"It took forever to arrive, good shipping.",Positive,Delivery
Pricing is absolutely exceptional.,Positive,Pricing
Pricing is absolutely hated.,Negative,Pricing
Logistics and shipping speed were good.,Positive,Delivery
value for money is bad.,Negative,Pricing
"It took forever to arrive, poor shipping.",Negative,Delivery
shipping was exceptional.,Positive,Delivery
I found the item to be wonderful!,Positive,Product Quality
"For the cost, this is superlative!",Positive,Pricing
Value for money is fine.,Neutral,Pricing
Value for money is atrocious!,Negative,Pricing
The package arrived brilliant.,Positive,Delivery
Value for money is wonderful!,Positive,Pricing
the user interface is excellent.,Positive,App/Website
"support replied immediately, exquisite service.",Positive,Customer Service
"Honestly, the product feels disappointing!",Negative,Product Quality
"this product is exactly what i expected, absolutely top-notch.",Positive,Product Quality
Shipping was bland.,Neutral,Delivery
"It took forever to arrive, vile shipping!",Negative,Delivery
The build material is unacceptable.,Negative,Product Quality
My experience with the agent was poor!,Negative,Customer Service
"App keeps crashing, mediocre experience.",Neutral,App/Website
I found the item to be awful!,Negative,Product Quality
Quality is passable.,Neutral,Product Quality
The user interface is so-so!,Neutral,App/Website
The user interface is awesome.,Positive,App/Website
The support team is defective!,Negative,Customer Service
"It took forever to arrive, ok shipping.",Neutral,Delivery
"app keeps crashing, great experience.",Positive,App/Website
The build material is middle-of-the-road.,Neutral,Product Quality
Logistics and shipping speed were subpar!,Negative,Delivery
"This product is exactly what I expected, absolutely lackluster.",Neutral,Product Quality
The build material is excellent.,Positive,Product Quality
delivery was fantastic.,Positive,Delivery
Value for money is stellar.,Positive,Pricing
the support team is vile.,Negative,Customer Service
Value for money is middle-of-the-road.,Neutral,Pricing
"they ignored my emails, bland support.",Neutral,Customer Service
"support replied immediately, worst service.",Negative,Customer Service
"it took forever to arrive, deplorable shipping.",Negative,Delivery
"It took forever to arrive, subpar shipping.",Negative,Delivery
"This product is exactly what I expected, absolutely decent.",Neutral,Product Quality
"for the cost, this is horrible.",Negative,Pricing
The package arrived horrible!,Negative,Delivery
The user interface is revolting.,Negative,App/Website
value for money is deplorable.,Negative,Pricing
The price is fine!,Neutral,Pricing
"for the cost, this is mediocre.",Neutral,Pricing
customer service was inferior.,Negative,Customer Service
Quality is disgusting.,Negative,Product Quality
customer service was stellar.,Positive,Customer Service
Logistics and shipping speed were repulsive!,Negative,Delivery
The package arrived unacceptable.,Negative,Delivery
"It is too expensive, pathetic value.",Negative,Pricing
Quality is lackluster.,Neutral,Product Quality
The price is horrendous.,Negative,Pricing
Delivery was fine.,Neutral,Delivery
Delivery was bad.,Negative,Delivery
the price is undistinguished.,Neutral,Pricing
The user interface is superb.,Positive,App/Website
"This product is exactly what I expected, absolutely appalling.",Negative,Product Quality
The build material is immaculate.,Positive,Product Quality
I found the item to be worst!,Negative,Product Quality
"It took forever to arrive, undistinguished shipping!",Neutral,Delivery
"this product is exactly what i expected, absolutely dreadful.",Negative,Product Quality
Quality is terrible!,Negative,Product Quality
navigation is defective.,Negative,App/Website
shipping was subpar.,Negative,Delivery
The product is adequate.,Neutral,Product Quality
"it took forever to arrive, amazing shipping.",Positive,Delivery
Delivery was repulsive.,Negative,Delivery
the app is disappointing.,Negative,App/Website
the package arrived standard.,Neutral,Delivery
The user interface is mediocre!,Neutral,App/Website
"They ignored my emails, outstanding support!",Positive,Customer Service
Quality is glorious!,Positive,Product Quality
"This product is exactly what I expected, absolutely splendid.",Positive,Product Quality
the app is hated.,Negative,App/Website
customer service was good.,Positive,Customer Service
"this product is exactly what i expected, absolutely good.",Positive,Product Quality
Delivery was revolting!,Negative,Delivery
my experience with the agent was perfect.,Positive,Customer Service
Value for money is inadequate!,Negative,Pricing
The website is ok.,Neutral,App/Website
Delivery was standard!,Neutral,Delivery
the price is stellar.,Positive,Pricing
"for the cost, this is unbearable.",Negative,Pricing
"For the cost, this is run-of-the-mill.",Neutral,Pricing
The price is magnificent!,Positive,Pricing
the package arrived loved.,Positive,Delivery
my experience with the agent was unparalleled.,Positive,Customer Service
the user interface is stellar.,Positive,App/Website
quality is great.,Positive,Product Quality
"it is too expensive, top-notch value.",Positive,Pricing
Value for money is glorious.,Positive,Pricing
Navigation is superb.,Positive,App/Website
logistics and shipping speed were stellar.,Positive,Delivery
"It took forever to arrive, defective shipping!",Negative,Delivery
"this product is exactly what i expected, absolutely mediocre.",Neutral,Product Quality
Delivery was magnificent.,Positive,Delivery
Logistics and shipping speed were undistinguished!,Neutral,Delivery
the build material is lousy.,Negative,Product Quality
"Honestly, the product feels top-notch!",Positive,Product Quality
"It took forever to arrive, average shipping!",Neutral,Delivery
"It took forever to arrive, vile shipping.",Negative,Delivery
"Honestly, the product feels deplorable!",Negative,Product Quality
"It took forever to arrive, worst shipping.",Negative,Delivery
The support team is top-notch!,Positive,Customer Service
pricing is absolutely perfect.,Positive,Pricing
"support replied immediately, great service.",Positive,Customer Service
delivery was vile.,Negative,Delivery
My experience with the agent was undistinguished.,Neutral,Customer Service
The support team is average.,Neutral,Customer Service
"For the cost, this is revolting.",Negative,Pricing
Value for money is brilliant.,Positive,Pricing
"Support replied immediately, great service!",Positive,Customer Service
"it is too expensive, atrocious value.",Negative,Pricing
Navigation is poor.,Negative,App/Website
the support team is so-so.,Neutral,Customer Service
Shipping was adequate!,Neutral,Delivery
Delivery was decent.,Neutral,Delivery
Value for money is unparalleled!,Positive,Pricing
Value for money is flawless!,Positive,Pricing
"It is too expensive, cheap value.",Negative,Pricing
The user interface is disappointing!,Negative,App/Website
Delivery was magnificent!,Positive,Delivery
The price is cheap.,Negative,Pricing
The product is perfect.,Positive,Product Quality
"it took forever to arrive, fair shipping.",Neutral,Delivery
"for the cost, this is deplorable.",Negative,Pricing
Navigation is perfect!,Positive,App/Website
My experience with the agent was mediocre!,Neutral,Customer Service
Navigation is middle-of-the-road.,Neutral,App/Website
the package arrived fantastic.,Positive,Delivery
"For the cost, this is fantastic.",Positive,Pricing
"App keeps crashing, superb experience.",Positive,App/Website
Quality is fine!,Neutral,Product Quality
Shipping was ok!,Neutral,Delivery
Value for money is lackluster.,Neutral,Pricing
The website is tolerable.,Neutral,App/Website
"For the cost, this is good.",Positive,Pricing
"It is too expensive, marvelous value.",Positive,Pricing
The product is fine!,Neutral,Product Quality
"It took forever to arrive, magnificent shipping.",Positive,Delivery
Pricing is absolutely horrendous!,Negative,Pricing
My experience with the agent was average!,Neutral,Customer Service
"They ignored my emails, first-rate support!",Positive,Customer Service
"they ignored my emails, mediocre support.",Neutral,Customer Service
i found the item to be inadequate.,Negative,Product Quality
my experience with the agent was average.,Neutral,Customer Service
Value for money is amazing.,Positive,Pricing
Quality is unacceptable.,Negative,Product Quality
logistics and shipping speed were exquisite.,Positive,Delivery
The package arrived superb!,Positive,Delivery
"app keeps crashing, terrible experience.",Negative,App/Website
Value for money is revolting.,Negative,Pricing
"Support replied immediately, broken service.",Negative,Customer Service
The support team is terrible!,Negative,Customer Service
the support team is love.,Positive,Customer Service
customer service was love.,Positive,Customer Service
"they ignored my emails, useless support.",Negative,Customer Service
"App keeps crashing, excellent experience.",Positive,App/Website
my experience with the agent was disappointing.,Negative,Customer Service
"for the cost, this is ok.",Neutral,Pricing
"For the cost, this is good!",Positive,Pricing
The product is amazing!,Positive,Product Quality
Value for money is abysmal!,Negative,Pricing
My experience with the agent was subpar!,Negative,Customer Service
"it is too expensive, unbeatable value.",Positive,Pricing
"They ignored my emails, wonderful support!",Positive,Customer Service
The package arrived exceptional!,Positive,Delivery
"app keeps crashing, breathtaking experience.",Positive,App/Website
Customer service was excellent.,Positive,Customer Service
my experience with the agent was superb.,Positive,Customer Service
"It is too expensive, superlative value!",Positive,Pricing
Navigation is glorious!,Positive,App/Website
the support team is splendid.,Positive,Customer Service
the website is loved.,Positive,App/Website
"It is too expensive, unparalleled value!",Positive,Pricing
"It took forever to arrive, marvelous shipping.",Positive,Delivery
"This product is exactly what I expected, absolutely breathtaking.",Positive,Product Quality
the support team is superb.,Positive,Customer Service
The product is impressive.,Positive,Product Quality
i found the item to be mediocre.,Neutral,Product Quality
Logistics and shipping speed were undistinguished.,Neutral,Delivery
The product is awesome!,Positive,Product Quality
My experience with the agent was garbage.,Negative,Customer Service
logistics and shipping speed were passable.,Neutral,Delivery
The price is broken!,Negative,Pricing
"it took forever to arrive, marvelous shipping.",Positive,Delivery
"for the cost, this is useless.",Negative,Pricing
the package arrived fine.,Neutral,Delivery
The price is pathetic!,Negative,Pricing
The app is hate!,Negative,App/Website
"This product is exactly what I expected, absolutely pathetic!",Negative,Product Quality
The user interface is lousy!,Negative,App/Website
quality is revolting.,Negative,Product Quality
pricing is absolutely adequate.,Neutral,Pricing
I found the item to be adequate!,Neutral,Product Quality
The product is glorious.,Positive,Product Quality
"It is too expensive, defective value.",Negative,Pricing
the user interface is good.,Positive,App/Website
the app is acceptable.,Neutral,App/Website
Pricing is absolutely bad!,Negative,Pricing
Value for money is hated.,Negative,Pricing
The website is useless!,Negative,App/Website
Quality is love!,Positive,Product Quality
Pricing is absolutely splendid.,Positive,Pricing
the user interface is average.,Neutral,App/Website
Logistics and shipping speed were fantastic.,Positive,Delivery
The user interface is atrocious.,Negative,App/Website
The price is ok!,Neutral,Pricing
I found the item to be unbeatable!,Positive,Product Quality
The app is superlative.,Positive,App/Website
Logistics and shipping speed were passable!,Neutral,Delivery
The website is revolting.,Negative,App/Website
navigation is acceptable.,Neutral,App/Website
Delivery was deplorable!,Negative,Delivery
The product is garbage!,Negative,Product Quality
"it took forever to arrive, middle-of-the-road shipping.",Neutral,Delivery
"Honestly, the product feels defective.",Negative,Product Quality
navigation is brilliant.,Positive,App/Website
"For the cost, this is mediocre!",Neutral,Pricing
"This product is exactly what I expected, absolutely cheap!",Negative,Product Quality
the package arrived middle-of-the-road.,Neutral,Delivery
The app is adequate!,Neutral,App/Website
logistics and shipping speed were dreadful.,Negative,Delivery
I found the item to be hated.,Negative,Product Quality
"This product is exactly what I expected, absolutely repulsive!",Negative,Product Quality
Delivery was awesome.,Positive,Delivery
"It took forever to arrive, okay shipping!",Neutral,Delivery
"For the cost, this is exceptional!",Positive,Pricing
the build material is terrible.,Negative,Product Quality
"Honestly, the product feels hated.",Negative,Product Quality
the website is broken.,Negative,App/Website
navigation is splendid.,Positive,App/Website
"Honestly, the product feels unremarkable.",Neutral,Product Quality
the product is so-so.,Neutral,Product Quality
the build material is cheap.,Negative,Product Quality
The product is pathetic!,Negative,Product Quality
pricing is absolutely brilliant.,Positive,Pricing
"App keeps crashing, ok experience!",Neutral,App/Website
the price is terrible.,Negative,Pricing
The app is acceptable!,Neutral,App/Website
My experience with the agent was acceptable!,Neutral,Customer Service
the user interface is bad.,Negative,App/Website
"It is too expensive, disappointing value!",Negative,Pricing
Value for money is poor!,Negative,Pricing
"Honestly, the product feels superb!",Positive,Product Quality
The support team is excellent!,Positive,Customer Service
"it is too expensive, marvelous value.",Positive,Pricing
"Honestly, the product feels trash.",Negative,Product Quality
The package arrived mediocre.,Neutral,Delivery
Navigation is abysmal.,Negative,App/Website
Pricing is absolutely tolerable.,Neutral,Pricing
The build material is brilliant.,Positive,Product Quality
The build material is impressive.,Positive,Product Quality
"honestly, the product feels lousy.",Negative,Product Quality
Navigation is adequate.,Neutral,App/Website
"this product is exactly what i expected, absolutely lackluster.",Neutral,Product Quality
i found the item to be passable.,Neutral,Product Quality
"App keeps crashing, breathtaking experience.",Positive,App/Website
the support team is outstanding.,Positive,Customer Service
Pricing is absolutely adequate!,Neutral,Pricing
"this product is exactly what i expected, absolutely trash.",Negative,Product Quality
Customer service was standard.,Neutral,Customer Service
Delivery was good.,Positive,Delivery
the website is revolting.,Negative,App/Website
Quality is splendid.,Positive,Product Quality
My experience with the agent was glorious.,Positive,Customer Service
my experience with the agent was fine.,Neutral,Customer Service
"It is too expensive, fantastic value.",Positive,Pricing
quality is poor.,Negative,Product Quality
Shipping was repulsive!,Negative,Delivery
The package arrived superlative!,Positive,Delivery
Quality is first-rate!,Positive,Product Quality
"They ignored my emails, repulsive support!",Negative,Customer Service
"Support replied immediately, superlative service!",Positive,Customer Service
"This product is exactly what I expected, absolutely unbeatable.",Positive,Product Quality
The app is adequate.,Neutral,App/Website
the package arrived unacceptable.,Negative,Delivery
"Support replied immediately, pathetic service!",Negative,Customer Service
"For the cost, this is hated.",Negative,Pricing
Shipping was unremarkable!,Neutral,Delivery
the package arrived good.,Positive,Delivery
The app is mediocre!,Neutral,App/Website
Pricing is absolutely middle-of-the-road!,Neutral,Pricing
"it is too expensive, acceptable value.",Neutral,Pricing
"It is too expensive, tolerable value!",Neutral,Pricing
The user interface is glorious.,Positive,App/Website
"It took forever to arrive, love shipping!",Positive,Delivery
"It took forever to arrive, first-rate shipping.",Positive,Delivery
the website is useless.,Negative,App/Website
Delivery was unbeatable!,Positive,Delivery
The build material is glorious.,Positive,Product Quality
the app is unbearable.,Negative,App/Website
"App keeps crashing, vile experience!",Negative,App/Website
"It took forever to arrive, passable shipping!",Neutral,Delivery
Customer service was unbearable!,Negative,Customer Service
Shipping was marvelous.,Positive,Delivery
"App keeps crashing, cheap experience!",Negative,App/Website
delivery was immaculate.,Positive,Delivery
Pricing is absolutely middle-of-the-road.,Neutral,Pricing
The app is stellar.,Positive,App/Website
Customer service was love.,Positive,Customer Service
"they ignored my emails, atrocious support.",Negative,Customer Service
navigation is trash.,Negative,App/Website
the price is so-so.,Neutral,Pricing
quality is breathtaking.,Positive,Product Quality
value for money is brilliant.,Positive,Pricing
delivery was broken.,Negative,Delivery
"They ignored my emails, horrible support!",Negative,Customer Service
The user interface is repulsive.,Negative,App/Website
delivery was awful.,Negative,Delivery
i found the item to be horrendous.,Negative,Product Quality
The support team is passable.,Neutral,Customer Service
I found the item to be middle-of-the-road.,Neutral,Product Quality
the build material is useless.,Negative,Product Quality
"For the cost, this is worst.",Negative,Pricing
i found the item to be impressive.,Positive,Product Quality
The support team is acceptable!,Neutral,Customer Service
Logistics and shipping speed were glorious.,Positive,Delivery
The package arrived revolting!,Negative,Delivery
Shipping was fair!,Neutral,Delivery
Pricing is absolutely adequate.,Neutral,Pricing
the app is glorious.,Positive,App/Website
"App keeps crashing, good experience!",Positive,App/Website
"Support replied immediately, defective service.",Negative,Customer Service
The price is disappointing!,Negative,Pricing
Quality is ok.,Neutral,Product Quality
customer service was magnificent.,Positive,Customer Service
The product is first-rate.,Positive,Product Quality
The build material is love.,Positive,Product Quality
Pricing is absolutely fair.,Neutral,Pricing
"for the cost, this is loved.",Positive,Pricing
The website is subpar.,Negative,App/Website
Customer service was bland.,Neutral,Customer Service
value for money is useless.,Negative,Pricing
Value for money is defective.,Negative,Pricing
shipping was abysmal.,Negative,Delivery
delivery was unparalleled.,Positive,Delivery
I found the item to be magnificent!,Positive,Product Quality
The build material is defective!,Negative,Product Quality
Value for money is average.,Neutral,Pricing
Not worth the money.,Negative,Pricing
The build material is flawless!,Positive,Product Quality
"Honestly, the product feels fantastic.",Positive,Product Quality
"Honestly, the product feels immaculate!",Positive,Product Quality
the support team is run-of-the-mill.,Neutral,Customer Service
"It is too expensive, fantastic value!",Positive,Pricing
pricing is absolutely standard.,Neutral,Pricing
my experience with the agent was unbeatable.,Positive,Customer Service
The website is worst!,Negative,App/Website
the support team is inadequate.,Negative,Customer Service
"Support replied immediately, great service.",Positive,Customer Service
"Support replied immediately, outstanding service.",Positive,Customer Service
The price is love!,Positive,Pricing
The product is decent.,Neutral,Product Quality
"For the cost, this is garbage!",Negative,Pricing
Logistics and shipping speed were amazing!,Positive,Delivery
"for the cost, this is love.",Positive,Pricing
"it is too expensive, phenomenal value.",Positive,Pricing
Shipping was horrendous.,Negative,Delivery
"App keeps crashing, top-notch experience!",Positive,App/Website
The app is pathetic!,Negative,App/Website
delivery was stellar.,Positive,Delivery
The website is glorious!,Positive,App/Website
Quality is inferior!,Negative,Product Quality
the build material is top-notch.,Positive,Product Quality
the support team is deplorable.,Negative,Customer Service
Navigation is unacceptable!,Negative,App/Website
i found the item to be superlative.,Positive,Product Quality
"It is too expensive, hate value!",Negative,Pricing
"For the cost, this is awful.",Negative,Pricing
"This product is exactly what I expected, absolutely splendid!",Positive,Product Quality
the build material is lackluster.,Neutral,Product Quality
"Support replied immediately, marvelous service!",Positive,Customer Service
Delivery was acceptable!,Neutral,Delivery
Shipping was lackluster!,Neutral,Delivery
Value for money is brilliant!,Positive,Pricing
"it is too expensive, repulsive value.",Negative,Pricing
I found the item to be good.,Positive,Product Quality
Delivery was appalling.,Negative,Delivery
Value for money is love.,Positive,Pricing
My experience with the agent was hate.,Negative,Customer Service
The app is wonderful!,Positive,App/Website
"It took forever to arrive, superlative shipping!",Positive,Delivery
"Honestly, the product feels lousy.",Negative,Product Quality
logistics and shipping speed were bad.,Negative,Delivery
the user interface is poor.,Negative,App/Website
I found the item to be love.,Positive,Product Quality
Value for money is dreadful.,Negative,Pricing
The app is hate.,Negative,App/Website
my experience with the agent was bland.,Neutral,Customer Service
The user interface is amazing!,Positive,App/Website
The price is ok.,Neutral,Pricing
"it took forever to arrive, outstanding shipping.",Positive,Delivery
the price is wonderful.,Positive,Pricing
My experience with the agent was unbeatable.,Positive,Customer Service
shipping was adequate.,Neutral,Delivery
"Support replied immediately, marvelous service.",Positive,Customer Service
The website is subpar!,Negative,App/Website
"For the cost, this is average.",Neutral,Pricing
my experience with the agent was top-notch.,Positive,Customer Service
The build material is unparalleled.,Positive,Product Quality
Delivery was superlative!,Positive,Delivery
the user interface is wonderful.,Positive,App/Website
I found the item to be exquisite.,Positive,Product Quality
"This product is exactly what I expected, absolutely flawless!",Positive,Product Quality
"Honestly, the product feels poor.",Negative,Product Quality
logistics and shipping speed were subpar.,Negative,Delivery
i found the item to be wonderful.,Positive,Product Quality
The price is tolerable!,Neutral,Pricing
"this product is exactly what i expected, absolutely magnificent.",Positive,Product Quality
navigation is lousy.,Negative,App/Website
The app is good.,Positive,App/Website
Pricing is absolutely wonderful.,Positive,Pricing
The app is bland.,Neutral,App/Website
logistics and shipping speed were unparalleled.,Positive,Delivery
Customer service was perfect.,Positive,Customer Service
the price is breathtaking.,Positive,Pricing
The product is fair!,Neutral,Product Quality
Navigation is impressive.,Positive,App/Website
"It took forever to arrive, terrible shipping!",Negative,Delivery
Pricing is absolutely fine!,Neutral,Pricing
Logistics and shipping speed were mediocre.,Neutral,Delivery
The price is fair!,Neutral,Pricing
"For the cost, this is great.",Positive,Pricing
I found the item to be tolerable!,Neutral,Product Quality
Logistics and shipping speed were loved!,Positive,Delivery
Value for money is phenomenal.,Positive,Pricing
the price is cheap.,Negative,Pricing
My experience with the agent was fine!,Neutral,Customer Service
"they ignored my emails, repulsive support.",Negative,Customer Service
The price is top-notch!,Positive,Pricing
Delivery was bad!,Negative,Delivery
"this product is exactly what i expected, absolutely okay.",Neutral,Product Quality
"App keeps crashing, immaculate experience!",Positive,App/Website
"app keeps crashing, poor experience.",Negative,App/Website
Shipping was bland!,Neutral,Delivery
"This product is exactly what I expected, absolutely exquisite.",Positive,Product Quality
"it is too expensive, average value.",Neutral,Pricing
The support team is outstanding.,Positive,Customer Service
Customer service was horrible!,Negative,Customer Service
"It is too expensive, appalling value!",Negative,Pricing
the package arrived repulsive.,Negative,Delivery
shipping was worst.,Negative,Delivery
the app is wonderful.,Positive,App/Website
customer service was loved.,Positive,Customer Service
"they ignored my emails, vile support.",Negative,Customer Service
Delivery was adequate.,Neutral,Delivery
The price is love.,Positive,Pricing
the price is garbage.,Negative,Pricing
my experience with the agent was hate.,Negative,Customer Service
The build material is disappointing.,Negative,Product Quality
The support team is marvelous!,Positive,Customer Service
"Support replied immediately, hate service!",Negative,Customer Service
pricing is absolutely ok.,Neutral,Pricing
"It is too expensive, standard value!",Neutral,Pricing
Value for money is bad.,Negative,Pricing
The product is mediocre.,Neutral,Product Quality
the website is mediocre.,Neutral,App/Website
value for money is marvelous.,Positive,Pricing
shipping was run-of-the-mill.,Neutral,Delivery
I found the item to be flawless!,Positive,Product Quality
Quality is bad!,Negative,Product Quality
the build material is undistinguished.,Neutral,Product Quality
Quality is unremarkable!,Neutral,Product Quality
value for money is unbeatable.,Positive,Pricing
Quality is undistinguished!,Neutral,Product Quality
my experience with the agent was tolerable.,Neutral,Customer Service
"Support replied immediately, unremarkable service!",Neutral,Customer Service
"Honestly, the product feels unacceptable.",Negative,Product Quality
The build material is tolerable.,Neutral,Product Quality
"it is too expensive, deplorable value.",Negative,Pricing
the app is amazing.,Positive,App/Website
navigation is unacceptable.,Negative,App/Website
shipping was atrocious.,Negative,Delivery
The package arrived tolerable.,Neutral,Delivery
The price is lousy!,Negative,Pricing
The build material is pathetic.,Negative,Product Quality
I found the item to be perfect!,Positive,Product Quality
The product is brilliant!,Positive,Product Quality
The support team is run-of-the-mill!,Neutral,Customer Service
the website is superb.,Positive,App/Website
my experience with the agent was wonderful.,Positive,Customer Service
Customer service was awesome!,Positive,Customer Service
Navigation is exquisite.,Positive,App/Website
The product is awful!,Negative,Product Quality
Shipping was abysmal.,Negative,Delivery
Customer service was amazing!,Positive,Customer Service
The product is lackluster.,Neutral,Product Quality
"for the cost, this is decent.",Neutral,Pricing
The package arrived fantastic!,Positive,Delivery
"for the cost, this is impressive.",Positive,Pricing
the website is ok.,Neutral,App/Website
Navigation is tolerable.,Neutral,App/Website
The app is horrendous.,Negative,App/Website
"It took forever to arrive, marvelous shipping!",Positive,Delivery
"For the cost, this is love.",Positive,Pricing
delivery was repulsive.,Negative,Delivery
I found the item to be garbage!,Negative,Product Quality
"App keeps crashing, great experience!",Positive,App/Website
The website is outstanding.,Positive,App/Website
logistics and shipping speed were marvelous.,Positive,Delivery
The price is excellent!,Positive,Pricing
I found the item to be great.,Positive,Product Quality
my experience with the agent was decent.,Neutral,Customer Service
The price is brilliant.,Positive,Pricing
navigation is outstanding.,Positive,App/Website
Customer service was unparalleled.,Positive,Customer Service
The product is marvelous.,Positive,Product Quality
"support replied immediately, top-notch service.",Positive,Customer Service
Pricing is absolutely worst.,Negative,Pricing
"App keeps crashing, atrocious experience!",Negative,App/Website
i found the item to be so-so.,Neutral,Product Quality
"For the cost, this is vile!",Negative,Pricing
"It took forever to arrive, lousy shipping!",Negative,Delivery
"They ignored my emails, love support!",Positive,Customer Service
"support replied immediately, breathtaking service.",Positive,Customer Service
My experience with the agent was unbearable!,Negative,Customer Service
"For the cost, this is tolerable!",Neutral,Pricing
The build material is superb!,Positive,Product Quality
I found the item to be standard.,Neutral,Product Quality
"this product is exactly what i expected, absolutely unparalleled.",Positive,Product Quality
"App keeps crashing, so-so experience.",Neutral,App/Website
navigation is stellar.,Positive,App/Website
The package arrived inadequate.,Negative,Delivery
"they ignored my emails, middle-of-the-road support.",Neutral,Customer Service
Delivery was cheap!,Negative,Delivery
the product is middle-of-the-road.,Neutral,Product Quality
"this product is exactly what i expected, absolutely amazing.",Positive,Product Quality
"they ignored my emails, okay support.",Neutral,Customer Service
The website is first-rate!,Positive,App/Website
"It is too expensive, hate value.",Negative,Pricing
the app is unbeatable.,Positive,App/Website
"It is too expensive, undistinguished value!",Neutral,Pricing
The user interface is glorious!,Positive,App/Website
The support team is terrible.,Negative,Customer Service
the product is adequate.,Neutral,Product Quality
delivery was disgusting.,Negative,Delivery
i found the item to be ok.,Neutral,Product Quality
the package arrived perfect.,Positive,Delivery
"It took forever to arrive, bad shipping.",Negative,Delivery
The build material is mediocre!,Neutral,Product Quality
the package arrived run-of-the-mill.,Neutral,Delivery
The user interface is tolerable!,Neutral,App/Website
navigation is tolerable.,Neutral,App/Website
i found the item to be splendid.,Positive,Product Quality
delivery was awesome.,Positive,Delivery
"They ignored my emails, perfect support.",Positive,Customer Service
"it is too expensive, mediocre value.",Neutral,Pricing
"honestly, the product feels fair.",Neutral,Product Quality
"it took forever to arrive, broken shipping.",Negative,Delivery
"Honestly, the product feels magnificent!",Positive,Product Quality
"It is too expensive, horrendous value.",Negative,Pricing
Value for money is passable.,Neutral,Pricing
Navigation is fine.,Neutral,App/Website
my experience with the agent was brilliant.,Positive,Customer Service
"they ignored my emails, abysmal support.",Negative,Customer Service
The package arrived pathetic.,Negative,Delivery
"it is too expensive, standard value.",Neutral,Pricing
"For the cost, this is first-rate.",Positive,Pricing
"App keeps crashing, useless experience.",Negative,App/Website
I found the item to be pathetic.,Negative,Product Quality
Pricing is absolutely loved!,Positive,Pricing
navigation is disappointing.,Negative,App/Website
The website is revolting!,Negative,App/Website
"Honestly, the product feels superb.",Positive,Product Quality
The user interface is hated!,Negative,App/Website
Value for money is fair.,Neutral,Pricing
The website is worst.,Negative,App/Website
"for the cost, this is lousy.",Negative,Pricing
Pricing is absolutely lackluster!,Neutral,Pricing
the support team is pathetic.,Negative,Customer Service
"Support replied immediately, unparalleled service!",Positive,Customer Service
shipping was decent.,Neutral,Delivery
Quality is marvelous!,Positive,Product Quality
The package arrived phenomenal.,Positive,Delivery
I found the item to be poor.,Negative,Product Quality
I found the item to be repulsive.,Negative,Product Quality
"Honestly, the product feels appalling!",Negative,Product Quality
Shipping was loved.,Positive,Delivery
pricing is absolutely acceptable.,Neutral,Pricing
the build material is appalling.,Negative,Product Quality
The product is magnificent.,Positive,Product Quality
"honestly, the product feels undistinguished.",Neutral,Product Quality
"it is too expensive, glorious value.",Positive,Pricing
the build material is superb.,Positive,Product Quality
Shipping was splendid!,Positive,Delivery
the build material is disappointing.,Negative,Product Quality
pricing is absolutely unacceptable.,Negative,Pricing
The package arrived great.,Positive,Delivery
Quality is subpar.,Negative,Product Quality
The user interface is useless.,Negative,App/Website
quality is horrible.,Negative,Product Quality
logistics and shipping speed were top-notch.,Positive,Delivery
pricing is absolutely excellent.,Positive,Pricing
Shipping was amazing.,Positive,Delivery
"They ignored my emails, dreadful support!",Negative,Customer Service
The package arrived great!,Positive,Delivery
the app is exceptional.,Positive,App/Website
The package arrived lousy.,Negative,Delivery
Delivery was inferior!,Negative,Delivery
"it took forever to arrive, first-rate shipping.",Positive,Delivery
The build material is standard.,Neutral,Product Quality
Navigation is outstanding.,Positive,App/Website
the build material is fine.,Neutral,Product Quality
pricing is absolutely wonderful.,Positive,Pricing
I found the item to be repulsive!,Negative,Product Quality
customer service was exceptional.,Positive,Customer Service
logistics and shipping speed were broken.,Negative,Delivery
"this product is exactly what i expected, absolutely hated.",Negative,Product Quality
"For the cost, this is mediocre.",Neutral,Pricing
Value for money is undistinguished!,Neutral,Pricing
"It took forever to arrive, average shipping.",Neutral,Delivery
"honestly, the product feels exquisite.",Positive,Product Quality
Quality is disappointing!,Negative,Product Quality
The build material is great!,Positive,Product Quality
"App keeps crashing, garbage experience.",Negative,App/Website
The price is revolting.,Negative,Pricing
the app is brilliant.,Positive,App/Website
"App keeps crashing, superb experience!",Positive,App/Website
The support team is bland.,Neutral,Customer Service
The website is defective!,Negative,App/Website
i found the item to be perfect.,Positive,Product Quality
"It is too expensive, marvelous value!",Positive,Pricing
"app keeps crashing, impressive experience.",Positive,App/Website
Navigation is exceptional!,Positive,App/Website
the price is splendid.,Positive,Pricing
"they ignored my emails, immaculate support.",Positive,Customer Service
"It took forever to arrive, splendid shipping!",Positive,Delivery
"They ignored my emails, undistinguished support!",Neutral,Customer Service
the price is awesome.,Positive,Pricing
My experience with the agent was defective!,Negative,Customer Service
"It took forever to arrive, trash shipping.",Negative,Delivery
"It is too expensive, phenomenal value.",Positive,Pricing
quality is tolerable.,Neutral,Product Quality
"It took forever to arrive, awful shipping!",Negative,Delivery
delivery was impressive.,Positive,Delivery
Navigation is awesome.,Positive,App/Website
The website is good.,Positive,App/Website
"This product is exactly what I expected, absolutely exquisite!",Positive,Product Quality
The price is adequate!,Neutral,Pricing
the support team is repulsive.,Negative,Customer Service
Quality is hated!,Negative,Product Quality
Customer service was outstanding.,Positive,Customer Service
"honestly, the product feels brilliant.",Positive,Product Quality
Navigation is deplorable.,Negative,App/Website
The package arrived impressive.,Positive,Delivery
Value for money is dreadful!,Negative,Pricing
i found the item to be immaculate.,Positive,Product Quality
"they ignored my emails, poor support.",Negative,Customer Service
The support team is abysmal!,Negative,Customer Service
"It took forever to arrive, appalling shipping!",Negative,Delivery
The product is defective!,Negative,Product Quality
Customer service was glorious!,Positive,Customer Service
The package arrived outstanding.,Positive,Delivery
the product is broken.,Negative,Product Quality
"App keeps crashing, unbeatable experience!",Positive,App/Website
The support team is lousy!,Negative,Customer Service
"Honestly, the product feels love!",Positive,Product Quality
customer service was disgusting.,Negative,Customer Service
The website is stellar!,Positive,App/Website
It is not working.,Negative,Product Quality
"honestly, the product feels bad.",Negative,Product Quality
"App keeps crashing, lousy experience.",Negative,App/Website
my experience with the agent was great.,Positive,Customer Service
the price is phenomenal.,Positive,Pricing
Delivery was impressive!,Positive,Delivery
"They ignored my emails, awful support!",Negative,Customer Service
Logistics and shipping speed were impressive!,Positive,Delivery
navigation is passable.,Neutral,App/Website
"They ignored my emails, abysmal support!",Negative,Customer Service
"this product is exactly what i expected, absolutely tolerable.",Neutral,Product Quality
"It took forever to arrive, impressive shipping.",Positive,Delivery
quality is horrendous.,Negative,Product Quality
the product is disgusting.,Negative,Product Quality
"This product is exactly what I expected, absolutely fair!",Neutral,Product Quality
Logistics and shipping speed were awesome.,Positive,Delivery
I found the item to be flawless.,Positive,Product Quality
"it took forever to arrive, great shipping.",Positive,Delivery
Logistics and shipping speed were acceptable!,Neutral,Delivery
The support team is bad.,Negative,Customer Service
Delivery was lousy!,Negative,Delivery
Navigation is fair!,Neutral,App/Website
The user interface is standard!,Neutral,App/Website
The build material is breathtaking.,Positive,Product Quality
Logistics and shipping speed were so-so!,Neutral,Delivery
"App keeps crashing, terrible experience!",Negative,App/Website
"honestly, the product feels revolting.",Negative,Product Quality
i found the item to be fine.,Neutral,Product Quality
"they ignored my emails, fair support.",Neutral,Customer Service
"it took forever to arrive, abysmal shipping.",Negative,Delivery
"App keeps crashing, superlative experience!",Positive,App/Website
Navigation is unremarkable!,Neutral,App/Website
"It is too expensive, hated value.",Negative,Pricing
my experience with the agent was fantastic.,Positive,Customer Service
My experience with the agent was love.,Positive,Customer Service
the build material is perfect.,Positive,Product Quality
the build material is unacceptable.,Negative,Product Quality
The price is unacceptable.,Negative,Pricing
the build material is stellar.,Positive,Product Quality
"Support replied immediately, atrocious service!",Negative,Customer Service
i found the item to be trash.,Negative,Product Quality
I found the item to be passable.,Neutral,Product Quality
The website is superlative!,Positive,App/Website
"App keeps crashing, splendid experience.",Positive,App/Website
The app is decent.,Neutral,App/Website
quality is disgusting.,Negative,Product Quality
The price is exceptional!,Positive,Pricing
Navigation is defective.,Negative,App/Website
"Support replied immediately, mediocre service.",Neutral,Customer Service
customer service was standard.,Neutral,Customer Service
The product is marvelous!,Positive,Product Quality
Customer service was cheap!,Negative,Customer Service
The support team is superlative.,Positive,Customer Service
"this product is exactly what i expected, absolutely splendid.",Positive,Product Quality
Delivery was wonderful.,Positive,Delivery
Pricing is absolutely defective!,Negative,Pricing
customer service was adequate.,Neutral,Customer Service
quality is pathetic.,Negative,Product Quality
My experience with the agent was perfect!,Positive,Customer Service
The user interface is vile.,Negative,App/Website
the website is pathetic.,Negative,App/Website
The user interface is subpar!,Negative,App/Website
The app is run-of-the-mill.,Neutral,App/Website
"For the cost, this is fine!",Neutral,Pricing
"For the cost, this is superb!",Positive,Pricing
"It took forever to arrive, hate shipping!",Negative,Delivery
the package arrived phenomenal.,Positive,Delivery
"This product is exactly what I expected, absolutely so-so!",Neutral,Product Quality
Shipping was perfect.,Positive,Delivery
"it took forever to arrive, unacceptable shipping.",Negative,Delivery
the product is horrible.,Negative,Product Quality
"They ignored my emails, bad support!",Negative,Customer Service
"This product is exactly what I expected, absolutely inadequate!",Negative,Product Quality
Pricing is absolutely appalling!,Negative,Pricing
"They ignored my emails, top-notch support.",Positive,Customer Service
I found the item to be inferior.,Negative,Product Quality
the website is unacceptable.,Negative,App/Website
Customer service was disgusting!,Negative,Customer Service
"Support replied immediately, run-of-the-mill service.",Neutral,Customer Service
The price is inferior!,Negative,Pricing
The build material is atrocious.,Negative,Product Quality
Shipping was so-so.,Neutral,Delivery
The build material is exceptional!,Positive,Product Quality
The app is atrocious!,Negative,App/Website
"They ignored my emails, excellent support!",Positive,Customer Service
The package arrived horrendous.,Negative,Delivery
The product is love!,Positive,Product Quality
the build material is horrendous.,Negative,Product Quality
Delivery was standard.,Neutral,Delivery
"It took forever to arrive, great shipping.",Positive,Delivery
"This product is exactly what I expected, absolutely superlative!",Positive,Product Quality
"It is too expensive, impressive value!",Positive,Pricing
Delivery was marvelous!,Positive,Delivery
Shipping was trash!,Negative,Delivery
"It took forever to arrive, awful shipping.",Negative,Delivery
Customer service was acceptable.,Neutral,Customer Service
I found the item to be awful.,Negative,Product Quality
"They ignored my emails, unbearable support.",Negative,Customer Service
quality is hate.,Negative,Product Quality
"support replied immediately, undistinguished service.",Neutral,Customer Service
"it is too expensive, first-rate value.",Positive,Pricing
Quality is cheap.,Negative,Product Quality
Delivery was glorious!,Positive,Delivery
"Support replied immediately, stellar service!",Positive,Customer Service
The package arrived fair!,Neutral,Delivery
The website is run-of-the-mill!,Neutral,App/Website
logistics and shipping speed were impressive.,Positive,Delivery
navigation is top-notch.,Positive,App/Website
The product is lousy!,Negative,Product Quality
I do not like this.,Negative,General
"For the cost, this is adequate.",Neutral,Pricing
the website is lousy.,Negative,App/Website
The website is deplorable.,Negative,App/Website
Pricing is absolutely flawless.,Positive,Pricing
Shipping was wonderful!,Positive,Delivery
Navigation is mediocre.,Neutral,App/Website
My experience with the agent was exquisite!,Positive,Customer Service
"It is too expensive, ok value!",Neutral,Pricing
Quality is fantastic.,Positive,Product Quality
"support replied immediately, lousy service.",Negative,Customer Service
"It is too expensive, lousy value.",Negative,Pricing
Value for money is excellent.,Positive,Pricing
"It is too expensive, flawless value!",Positive,Pricing
My experience with the agent was good!,Positive,Customer Service
the website is vile.,Negative,App/Website
shipping was so-so.,Neutral,Delivery
shipping was unbeatable.,Positive,Delivery
the build material is average.,Neutral,Product Quality
"It is too expensive, middle-of-the-road value!",Neutral,Pricing
"For the cost, this is loved!",Positive,Pricing
"For the cost, this is unbearable.",Negative,Pricing
Logistics and shipping speed were disappointing!,Negative,Delivery
"App keeps crashing, bland experience.",Neutral,App/Website
The product is disgusting!,Negative,Product Quality
"Honestly, the product feels impressive!",Positive,Product Quality
"it is too expensive, breathtaking value.",Positive,Pricing
"Honestly, the product feels great!",Positive,Product Quality
Shipping was lousy.,Negative,Delivery
the support team is fine.,Neutral,Customer Service
My experience with the agent was abysmal.,Negative,Customer Service
The product is okay!,Neutral,Product Quality
"Support replied immediately, revolting service!",Negative,Customer Service
The product is wonderful.,Positive,Product Quality
My experience with the agent was marvelous.,Positive,Customer Service
Customer service was inadequate.,Negative,Customer Service
"It is too expensive, unremarkable value!",Neutral,Pricing
"This product is exactly what I expected, absolutely hated!",Negative,Product Quality
the website is adequate.,Neutral,App/Website
i found the item to be revolting.,Negative,Product Quality
Shipping was brilliant!,Positive,Delivery
i found the item to be excellent.,Positive,Product Quality
"It is too expensive, hated value!",Negative,Pricing
The build material is broken!,Negative,Product Quality
the app is trash.,Negative,App/Website
The price is fantastic.,Positive,Pricing
the app is fantastic.,Positive,App/Website
The price is abysmal.,Negative,Pricing
Pricing is absolutely superlative.,Positive,Pricing
Shipping was fantastic.,Positive,Delivery
navigation is phenomenal.,Positive,App/Website
"Support replied immediately, immaculate service.",Positive,Customer Service
Pricing is absolutely undistinguished!,Neutral,Pricing
"They ignored my emails, fantastic support.",Positive,Customer Service
The support team is abysmal.,Negative,Customer Service
i found the item to be flawless.,Positive,Product Quality
The support team is poor.,Negative,Customer Service
Pricing is absolutely trash!,Negative,Pricing
My experience with the agent was standard!,Neutral,Customer Service
"it is too expensive, run-of-the-mill value.",Neutral,Pricing
my experience with the agent was worst.,Negative,Customer Service
value for money is repulsive.,Negative,Pricing
"support replied immediately, standard service.",Neutral,Customer Service
The app is vile!,Negative,App/Website
Navigation is undistinguished!,Neutral,App/Website
"They ignored my emails, brilliant support.",Positive,Customer Service
the build material is inferior.,Negative,Product Quality
"Support replied immediately, trash service!",Negative,Customer Service
"This product is exactly what I expected, absolutely defective!",Negative,Product Quality
"app keeps crashing, fantastic experience.",Positive,App/Website
Value for money is fantastic.,Positive,Pricing
delivery was okay.,Neutral,Delivery
pricing is absolutely decent.,Neutral,Pricing
Pricing is absolutely cheap!,Negative,Pricing
Shipping was good!,Positive,Delivery
Shipping was phenomenal!,Positive,Delivery
Navigation is loved.,Positive,App/Website
"it is too expensive, outstanding value.",Positive,Pricing
Logistics and shipping speed were pathetic!,Negative,Delivery
My experience with the agent was unbeatable!,Positive,Customer Service
value for money is superlative.,Positive,Pricing
the website is undistinguished.,Neutral,App/Website
The website is fair!,Neutral,App/Website
"They ignored my emails, middle-of-the-road support!",Neutral,Customer Service
The user interface is passable!,Neutral,App/Website
The app is defective.,Negative,App/Website
"Honestly, the product feels trash!",Negative,Product Quality
The product is okay.,Neutral,Product Quality
Pricing is absolutely run-of-the-mill!,Neutral,Pricing
"They ignored my emails, acceptable support.",Neutral,Customer Service
My experience with the agent was adequate.,Neutral,Customer Service
Quality is lackluster!,Neutral,Product Quality
Quality is broken!,Negative,Product Quality
value for money is trash.,Negative,Pricing
"For the cost, this is useless.",Negative,Pricing
The website is awesome!,Positive,App/Website
Shipping was worst.,Negative,Delivery
Customer service was tolerable.,Neutral,Customer Service
Pricing is absolutely deplorable.,Negative,Pricing
The app is immaculate.,Positive,App/Website
The build material is mediocre.,Neutral,Product Quality
"It is too expensive, splendid value.",Positive,Pricing
The price is horrible!,Negative,Pricing
"this product is exactly what i expected, absolutely abysmal.",Negative,Product Quality
the package arrived impressive.,Positive,Delivery
Pricing is absolutely mediocre.,Neutral,Pricing
Navigation is exceptional.,Positive,App/Website
"It is too expensive, garbage value.",Negative,Pricing
"for the cost, this is acceptable.",Neutral,Pricing
"app keeps crashing, revolting experience.",Negative,App/Website
Customer service was okay.,Neutral,Customer Service
"App keeps crashing, undistinguished experience.",Neutral,App/Website
"Honestly, the product feels breathtaking!",Positive,Product Quality
"support replied immediately, flawless service.",Positive,Customer Service
The app is outstanding!,Positive,App/Website
the app is exquisite.,Positive,App/Website
"This product is exactly what I expected, absolutely top-notch.",Positive,Product Quality
Customer service was unbeatable.,Positive,Customer Service
pricing is absolutely stellar.,Positive,Pricing
The price is middle-of-the-road!,Neutral,Pricing
"they ignored my emails, outstanding support.",Positive,Customer Service
Delivery was awful.,Negative,Delivery
the build material is outstanding.,Positive,Product Quality
Delivery was splendid!,Positive,Delivery
Navigation is unbearable.,Negative,App/Website
The website is average.,Neutral,App/Website
The package arrived fantastic.,Positive,Delivery
Navigation is horrendous.,Negative,App/Website
value for money is wonderful.,Positive,Pricing
"Honestly, the product feels abysmal!",Negative,Product Quality
the build material is middle-of-the-road.,Neutral,Product Quality
"They ignored my emails, awesome support!",Positive,Customer Service
The build material is acceptable.,Neutral,Product Quality
Logistics and shipping speed were repulsive.,Negative,Delivery
The product is good.,Positive,Product Quality
shipping was stellar.,Positive,Delivery
Navigation is hated!,Negative,App/Website
The website is poor.,Negative,App/Website
the price is hated.,Negative,Pricing
The support team is good.,Positive,Customer Service
The build material is hated.,Negative,Product Quality
The app is lackluster!,Neutral,App/Website
"Support replied immediately, adequate service.",Neutral,Customer Service
The support team is horrible!,Negative,Customer Service
Logistics and shipping speed were magnificent!,Positive,Delivery
Quality is standard.,Neutral,Product Quality
Shipping was fair.,Neutral,Delivery
the price is run-of-the-mill.,Neutral,Pricing
"it is too expensive, passable value.",Neutral,Pricing
Navigation is useless.,Negative,App/Website
The product is poor!,Negative,Product Quality
"Honestly, the product feels disgusting.",Negative,Product Quality
delivery was horrendous.,Negative,Delivery
Customer service was defective.,Negative,Customer Service
The support team is superb!,Positive,Customer Service
"This product is exactly what I expected, absolutely marvelous.",Positive,Product Quality
"support replied immediately, dreadful service.",Negative,Customer Service
navigation is appalling.,Negative,App/Website
The app is repulsive!,Negative,App/Website
"support replied immediately, bad service.",Negative,Customer Service
the package arrived useless.,Negative,Delivery
"this product is exactly what i expected, absolutely pathetic.",Negative,Product Quality
My experience with the agent was bad!,Negative,Customer Service
"support replied immediately, brilliant service.",Positive,Customer Service
shipping was amazing.,Positive,Delivery
customer service was horrendous.,Negative,Customer Service
the support team is unremarkable.,Neutral,Customer Service
quality is so-so.,Neutral,Product Quality
"It is too expensive, unacceptable value.",Negative,Pricing
The app is trash.,Negative,App/Website
"support replied immediately, love service.",Positive,Customer Service
The product is garbage.,Negative,Product Quality
"it is too expensive, wonderful value.",Positive,Pricing
The price is amazing!,Positive,Pricing
the app is average.,Neutral,App/Website
"It took forever to arrive, abysmal shipping!",Negative,Delivery
"support replied immediately, horrible service.",Negative,Customer Service
I found the item to be fair!,Neutral,Product Quality
the build material is defective.,Negative,Product Quality
"This product is exactly what I expected, absolutely bad!",Negative,Product Quality
The support team is glorious.,Positive,Customer Service
Value for money is repulsive!,Negative,Pricing
Value for money is disappointing!,Negative,Pricing
customer service was unbearable.,Negative,Customer Service
Quality is amazing!,Positive,Product Quality
The build material is perfect!,Positive,Product Quality
"It took forever to arrive, hated shipping.",Negative,Delivery
the user interface is breathtaking.,Positive,App/Website
i found the item to be top-notch.,Positive,Product Quality
The support team is horrendous.,Negative,Customer Service
Navigation is passable!,Neutral,App/Website
My experience with the agent was inadequate!,Negative,Customer Service
Value for money is exquisite!,Positive,Pricing
"for the cost, this is cheap.",Negative,Pricing
Logistics and shipping speed were top-notch.,Positive,Delivery
"honestly, the product feels trash.",Negative,Product Quality
the build material is poor.,Negative,Product Quality
"Honestly, the product feels deplorable.",Negative,Product Quality
The product is atrocious.,Negative,Product Quality
"support replied immediately, middle-of-the-road service.",Neutral,Customer Service
I found the item to be acceptable!,Neutral,Product Quality
The app is decent!,Neutral,App/Website
Quality is wonderful.,Positive,Product Quality
customer service was lousy.,Negative,Customer Service
navigation is hated.,Negative,App/Website
The product is run-of-the-mill!,Neutral,Product Quality
the website is phenomenal.,Positive,App/Website
the product is exceptional.,Positive,Product Quality
The price is dreadful!,Negative,Pricing
"honestly, the product feels poor.",Negative,Product Quality
Customer service was pathetic!,Negative,Customer Service
Customer service was trash.,Negative,Customer Service
"It is too expensive, wonderful value!",Positive,Pricing
The app is disappointing.,Negative,App/Website
Customer service was useless!,Negative,Customer Service
Pricing is absolutely inadequate.,Negative,Pricing
The package arrived unremarkable!,Neutral,Delivery
Logistics and shipping speed were unacceptable.,Negative,Delivery
"it is too expensive, fine value.",Neutral,Pricing
"Support replied immediately, standard service.",Neutral,Customer Service
the package arrived splendid.,Positive,Delivery
"it took forever to arrive, defective shipping.",Negative,Delivery
navigation is good.,Positive,App/Website
value for money is run-of-the-mill.,Neutral,Pricing
Quality is run-of-the-mill.,Neutral,Product Quality
Navigation is run-of-the-mill!,Neutral,App/Website
"It took forever to arrive, brilliant shipping!",Positive,Delivery
"App keeps crashing, awful experience!",Negative,App/Website
Navigation is fine!,Neutral,App/Website
I found the item to be superb!,Positive,Product Quality
"Support replied immediately, mediocre service!",Neutral,Customer Service
The product is subpar.,Negative,Product Quality
"it took forever to arrive, unbeatable shipping.",Positive,Delivery
Navigation is inadequate.,Negative,App/Website
the user interface is mediocre.,Neutral,App/Website
the product is atrocious.,Negative,Product Quality
"They ignored my emails, disappointing support!",Negative,Customer Service
Navigation is splendid!,Positive,App/Website
"Honestly, the product feels magnificent.",Positive,Product Quality
the product is awful.,Negative,Product Quality
The package arrived disappointing.,Negative,Delivery
"For the cost, this is standard.",Neutral,Pricing
The user interface is subpar.,Negative,App/Website
"This product is exactly what I expected, absolutely unacceptable!",Negative,Product Quality
navigation is excellent.,Positive,App/Website
The user interface is garbage.,Negative,App/Website
Quality is exceptional.,Positive,Product Quality
the product is bad.,Negative,Product Quality
"It is too expensive, abysmal value!",Negative,Pricing
The build material is top-notch!,Positive,Product Quality
the package arrived tolerable.,Neutral,Delivery
"honestly, the product feels broken.",Negative,Product Quality
the app is first-rate.,Positive,App/Website
"honestly, the product feels amazing.",Positive,Product Quality
delivery was passable.,Neutral,Delivery
"Honestly, the product feels brilliant!",Positive,Product Quality
shipping was impressive.,Positive,Delivery
My experience with the agent was top-notch.,Positive,Customer Service
the app is disgusting.,Negative,App/Website
the build material is brilliant.,Positive,Product Quality
The build material is appalling!,Negative,Product Quality
The website is acceptable.,Neutral,App/Website
The product is outstanding!,Positive,Product Quality
The app is broken.,Negative,App/Website
Delivery was undistinguished!,Neutral,Delivery
Pricing is absolutely brilliant.,Positive,Pricing
The package arrived repulsive.,Negative,Delivery
pricing is absolutely broken.,Negative,Pricing
Logistics and shipping speed were brilliant.,Positive,Delivery
Logistics and shipping speed were superb.,Positive,Delivery
quality is loved.,Positive,Product Quality
Pricing is absolutely atrocious!,Negative,Pricing
value for money is garbage.,Negative,Pricing
The app is poor.,Negative,App/Website
the build material is unremarkable.,Neutral,Product Quality
Shipping was atrocious!,Negative,Delivery
Value for money is atrocious.,Negative,Pricing
"They ignored my emails, fair support.",Neutral,Customer Service
"it took forever to arrive, adequate shipping.",Neutral,Delivery
"App keeps crashing, stellar experience!",Positive,App/Website
"App keeps crashing, hate experience.",Negative,App/Website
The user interface is amazing.,Positive,App/Website
"Support replied immediately, lackluster service.",Neutral,Customer Service
Customer service was fair!,Neutral,Customer Service
pricing is absolutely hate.,Negative,Pricing
Value for money is unparalleled.,Positive,Pricing
"They ignored my emails, disgusting support!",Negative,Customer Service
customer service was breathtaking.,Positive,Customer Service
the product is subpar.,Negative,Product Quality
"app keeps crashing, inferior experience.",Negative,App/Website
"It took forever to arrive, useless shipping!",Negative,Delivery
The app is perfect.,Positive,App/Website
Delivery was hated.,Negative,Delivery
"They ignored my emails, unremarkable support.",Neutral,Customer Service
"This product is exactly what I expected, absolutely bland!",Neutral,Product Quality
The user interface is mediocre.,Neutral,App/Website
the build material is acceptable.,Neutral,Product Quality
Logistics and shipping speed were atrocious.,Negative,Delivery
Quality is superb!,Positive,Product Quality
The build material is marvelous.,Positive,Product Quality
"Support replied immediately, hate service.",Negative,Customer Service
"Support replied immediately, brilliant service.",Positive,Customer Service
Navigation is cheap!,Negative,App/Website
"It took forever to arrive, appalling shipping.",Negative,Delivery
"This product is exactly what I expected, absolutely brilliant.",Positive,Product Quality
The website is abysmal.,Negative,App/Website
"app keeps crashing, atrocious experience.",Negative,App/Website
"Honestly, the product feels tolerable!",Neutral,Product Quality
The app is unremarkable!,Neutral,App/Website
value for money is top-notch.,Positive,Pricing
"Honestly, the product feels broken!",Negative,Product Quality
Logistics and shipping speed were inferior.,Negative,Delivery
"it took forever to arrive, lousy shipping.",Negative,Delivery
Customer service was fine!,Neutral,Customer Service
the user interface is decent.,Neutral,App/Website
I found the item to be undistinguished!,Neutral,Product Quality
The app is fantastic.,Positive,App/Website
I found the item to be revolting!,Negative,Product Quality
navigation is amazing.,Positive,App/Website
Navigation is great!,Positive,App/Website
The price is abysmal!,Negative,Pricing
The support team is love!,Positive,Customer Service
Shipping was unremarkable.,Neutral,Delivery
Shipping was fine.,Neutral,Delivery
Customer service was broken!,Negative,Customer Service
the product is splendid.,Positive,Product Quality
delivery was hate.,Negative,Delivery
Navigation is awesome!,Positive,App/Website
the website is run-of-the-mill.,Neutral,App/Website
"App keeps crashing, exquisite experience!",Positive,App/Website
the app is superb.,Positive,App/Website
my experience with the agent was marvelous.,Positive,Customer Service
Pricing is absolutely passable.,Neutral,Pricing
the user interface is trash.,Negative,App/Website
"It took forever to arrive, run-of-the-mill shipping!",Neutral,Delivery
delivery was adequate.,Neutral,Delivery
"This product is exactly what I expected, absolutely ok.",Neutral,Product Quality
pricing is absolutely unbearable.,Negative,Pricing
the website is fair.,Neutral,App/Website
"It took forever to arrive, excellent shipping.",Positive,Delivery
the app is splendid.,Positive,App/Website
navigation is repulsive.,Negative,App/Website
Customer service was disappointing.,Negative,Customer Service
"It is too expensive, horrible value!",Negative,Pricing
My experience with the agent was bland.,Neutral,Customer Service
my experience with the agent was good.,Positive,Customer Service
Customer service was hated!,Negative,Customer Service
"Honestly, the product feels adequate.",Neutral,Product Quality
"App keeps crashing, abysmal experience.",Negative,App/Website
Logistics and shipping speed were great.,Positive,Delivery
"Support replied immediately, standard service!",Neutral,Customer Service
The website is abysmal!,Negative,App/Website
quality is abysmal.,Negative,Product Quality
value for money is good.,Positive,Pricing
"Honestly, the product feels first-rate!",Positive,Product Quality
"App keeps crashing, revolting experience.",Negative,App/Website
"honestly, the product feels horrendous.",Negative,Product Quality
"Honestly, the product feels hate.",Negative,Product Quality
the price is brilliant.,Positive,Pricing
Quality is defective!,Negative,Product Quality
"For the cost, this is adequate!",Neutral,Pricing
The website is exquisite.,Positive,App/Website
"They ignored my emails, lousy support!",Negative,Customer Service
"support replied immediately, adequate service.",Neutral,Customer Service
pricing is absolutely marvelous.,Positive,Pricing
"For the cost, this is abysmal.",Negative,Pricing
Navigation is love!,Positive,App/Website
My experience with the agent was superlative!,Positive,Customer Service
"Support replied immediately, love service!",Positive,Customer Service
Value for money is marvelous.,Positive,Pricing
My experience with the agent was unacceptable.,Negative,Customer Service
The app is brilliant!,Positive,App/Website
"app keeps crashing, defective experience.",Negative,App/Website
The support team is unbearable.,Negative,Customer Service
"it took forever to arrive, exceptional shipping.",Positive,Delivery
I found the item to be unremarkable!,Neutral,Product Quality
the price is outstanding.,Positive,Pricing
the website is horrendous.,Negative,App/Website
Quality is phenomenal.,Positive,Product Quality
"Support replied immediately, unbearable service.",Negative,Customer Service
logistics and shipping speed were brilliant.,Positive,Delivery
Shipping was impressive!,Positive,Delivery
Customer service was awesome.,Positive,Customer Service
shipping was appalling.,Negative,Delivery
value for money is impressive.,Positive,Pricing
the product is awesome.,Positive,Product Quality
My experience with the agent was trash.,Negative,Customer Service
value for money is hate.,Negative,Pricing
"App keeps crashing, undistinguished experience!",Neutral,App/Website
Shipping was dreadful!,Negative,Delivery
pricing is absolutely impressive.,Positive,Pricing
Customer service was cheap.,Negative,Customer Service
The app is exceptional!,Positive,App/Website
My experience with the agent was awful!,Negative,Customer Service
"This product is exactly what I expected, absolutely okay.",Neutral,Product Quality
The price is good.,Positive,Pricing
Shipping was revolting!,Negative,Delivery
the price is fine.,Neutral,Pricing
shipping was mediocre.,Neutral,Delivery
The package arrived exquisite.,Positive,Delivery
"this product is exactly what i expected, absolutely average.",Neutral,Product Quality
The user interface is fantastic.,Positive,App/Website
Delivery was superlative.,Positive,Delivery
the support team is unbeatable.,Positive,Customer Service
"It is too expensive, passable value.",Neutral,Pricing
Navigation is broken!,Negative,App/Website
The price is glorious!,Positive,Pricing
Quality is hated.,Negative,Product Quality
the support team is phenomenal.,Positive,Customer Service
The build material is first-rate!,Positive,Product Quality
the app is atrocious.,Negative,App/Website
My experience with the agent was passable!,Neutral,Customer Service
The build material is so-so.,Neutral,Product Quality
"support replied immediately, hated service.",Negative,Customer Service
"Support replied immediately, unbeatable service.",Positive,Customer Service
the package arrived unbeatable.,Positive,Delivery
My experience with the agent was middle-of-the-road.,Neutral,Customer Service
I found the item to be fantastic!,Positive,Product Quality
I found the item to be atrocious!,Negative,Product Quality
Customer service was disgusting.,Negative,Customer Service
Customer service was appalling!,Negative,Customer Service
"Support replied immediately, wonderful service!",Positive,Customer Service
Value for money is glorious!,Positive,Pricing
Navigation is decent.,Neutral,App/Website
Shipping was unacceptable.,Negative,Delivery
The support team is cheap!,Negative,Customer Service
The user interface is acceptable.,Neutral,App/Website
the website is appalling.,Negative,App/Website
"app keeps crashing, adequate experience.",Neutral,App/Website
my experience with the agent was useless.,Negative,Customer Service
value for money is horrible.,Negative,Pricing
"Support replied immediately, middle-of-the-road service.",Neutral,Customer Service
"app keeps crashing, inadequate experience.",Negative,App/Website
"It is too expensive, exceptional value!",Positive,Pricing
the build material is immaculate.,Positive,Product Quality
pricing is absolutely love.,Positive,Pricing
Pricing is absolutely magnificent!,Positive,Pricing
navigation is broken.,Negative,App/Website
The product is undistinguished!,Neutral,Product Quality
the price is trash.,Negative,Pricing
the build material is glorious.,Positive,Product Quality
Customer service was inferior.,Negative,Customer Service
The build material is splendid!,Positive,Product Quality
"Support replied immediately, superb service!",Positive,Customer Service
"Honestly, the product feels hate!",Negative,Product Quality
"for the cost, this is worst.",Negative,Pricing
Quality is disappointing.,Negative,Product Quality
"Support replied immediately, poor service!",Negative,Customer Service
Customer service was run-of-the-mill.,Neutral,Customer Service
My experience with the agent was excellent!,Positive,Customer Service
the user interface is amazing.,Positive,App/Website
The build material is superb.,Positive,Product Quality
Navigation is cheap.,Negative,App/Website
quality is fantastic.,Positive,Product Quality
Quality is fair.,Neutral,Product Quality
Navigation is dreadful.,Negative,App/Website
the user interface is exceptional.,Positive,App/Website
"Honestly, the product feels superlative!",Positive,Product Quality
"For the cost, this is immaculate.",Positive,Pricing
"Honestly, the product feels unremarkable!",Neutral,Product Quality
my experience with the agent was revolting.,Negative,Customer Service
customer service was unacceptable.,Negative,Customer Service
The product is dreadful.,Negative,Product Quality
The website is lackluster.,Neutral,App/Website
The support team is brilliant.,Positive,Customer Service
the package arrived unparalleled.,Positive,Delivery
My experience with the agent was disappointing!,Negative,Customer Service
The website is standard.,Neutral,App/Website
Logistics and shipping speed were worst!,Negative,Delivery
Shipping was fine!,Neutral,Delivery
the package arrived bland.,Neutral,Delivery
"support replied immediately, unbeatable service.",Positive,Customer Service
"App keeps crashing, fair experience!",Neutral,App/Website
"This product is exactly what I expected, absolutely breathtaking!",Positive,Product Quality
"It is too expensive, unbearable value!",Negative,Pricing
the user interface is adequate.,Neutral,App/Website
I found the item to be so-so!,Neutral,Product Quality
"It took forever to arrive, unparalleled shipping!",Positive,Delivery
"It took forever to arrive, unremarkable shipping.",Neutral,Delivery
the package arrived immaculate.,Positive,Delivery
the app is horrible.,Negative,App/Website
the website is disappointing.,Negative,App/Website
The product is horrendous.,Negative,Product Quality
delivery was worst.,Negative,Delivery
My experience with the agent was so-so.,Neutral,Customer Service
The user interface is breathtaking.,Positive,App/Website
"It took forever to arrive, terrible shipping.",Negative,Delivery
"it took forever to arrive, repulsive shipping.",Negative,Delivery
"Support replied immediately, terrible service!",Negative,Customer Service
"For the cost, this is so-so.",Neutral,Pricing
the website is unbearable.,Negative,App/Website
quality is broken.,Negative,Product Quality
Shipping was tolerable!,Neutral,Delivery
shipping was perfect.,Positive,Delivery
the build material is unbearable.,Negative,Product Quality
delivery was unacceptable.,Negative,Delivery
logistics and shipping speed were useless.,Negative,Delivery
"It took forever to arrive, acceptable shipping!",Neutral,Delivery
The support team is horrible.,Negative,Customer Service
customer service was so-so.,Neutral,Customer Service
the support team is decent.,Neutral,Customer Service
"For the cost, this is wonderful!",Positive,Pricing
Quality is vile.,Negative,Product Quality
The package arrived splendid.,Positive,Delivery
"It took forever to arrive, splendid shipping.",Positive,Delivery
Pricing is absolutely top-notch.,Positive,Pricing
The product is middle-of-the-road!,Neutral,Product Quality
The user interface is run-of-the-mill.,Neutral,App/Website
Quality is revolting!,Negative,Product Quality
shipping was horrendous.,Negative,Delivery
navigation is okay.,Neutral,App/Website
Quality is horrible!,Negative,Product Quality
Quality is good.,Positive,Product Quality
"they ignored my emails, hated support.",Negative,Customer Service
shipping was love.,Positive,Delivery
The user interface is perfect!,Positive,App/Website
Navigation is breathtaking!,Positive,App/Website
Delivery was dreadful.,Negative,Delivery
customer service was okay.,Neutral,Customer Service
the build material is impressive.,Positive,Product Quality
"It is too expensive, perfect value!",Positive,Pricing
The user interface is exceptional.,Positive,App/Website
Logistics and shipping speed were wonderful!,Positive,Delivery
the product is marvelous.,Positive,Product Quality
"For the cost, this is horrible.",Negative,Pricing
Logistics and shipping speed were love.,Positive,Delivery
"it took forever to arrive, trash shipping.",Negative,Delivery
"It is too expensive, fine value.",Neutral,Pricing
Navigation is love.,Positive,App/Website
Navigation is unparalleled.,Positive,App/Website
Logistics and shipping speed were top-notch!,Positive,Delivery
"Support replied immediately, superb service.",Positive,Customer Service
I found the item to be atrocious.,Negative,Product Quality
the price is perfect.,Positive,Pricing
Value for money is appalling!,Negative,Pricing
The package arrived abysmal.,Negative,Delivery
quality is magnificent.,Positive,Product Quality
"They ignored my emails, awful support.",Negative,Customer Service
I found the item to be great!,Positive,Product Quality
The price is poor!,Negative,Pricing
the build material is standard.,Neutral,Product Quality
Navigation is okay.,Neutral,App/Website
value for money is terrible.,Negative,Pricing
"it took forever to arrive, poor shipping.",Negative,Delivery
customer service was garbage.,Negative,Customer Service
Delivery was so-so!,Neutral,Delivery
"This product is exactly what I expected, absolutely run-of-the-mill!",Neutral,Product Quality
"It took forever to arrive, defective shipping.",Negative,Delivery
Delivery was excellent!,Positive,Delivery
logistics and shipping speed were terrible.,Negative,Delivery
The app is undistinguished.,Neutral,App/Website
Quality is okay.,Neutral,Product Quality
Logistics and shipping speed were disgusting.,Negative,Delivery
Navigation is disgusting!,Negative,App/Website
the price is glorious.,Positive,Pricing
"They ignored my emails, magnificent support.",Positive,Customer Service
"App keeps crashing, unacceptable experience.",Negative,App/Website
"This product is exactly what I expected, absolutely undistinguished!",Neutral,Product Quality
my experience with the agent was unremarkable.,Neutral,Customer Service
Value for money is great!,Positive,Pricing
The product is average.,Neutral,Product Quality
The user interface is worst.,Negative,App/Website
shipping was vile.,Negative,Delivery
"This product is exactly what I expected, absolutely immaculate.",Positive,Product Quality
"it took forever to arrive, exquisite shipping.",Positive,Delivery
The app is awesome!,Positive,App/Website
"It took forever to arrive, cheap shipping.",Negative,Delivery
the app is run-of-the-mill.,Neutral,App/Website
"For the cost, this is decent!",Neutral,Pricing
Shipping was garbage!,Negative,Delivery
Logistics and shipping speed were broken!,Negative,Delivery
Delivery was dreadful!,Negative,Delivery
"for the cost, this is superlative.",Positive,Pricing
"For the cost, this is dreadful.",Negative,Pricing
Delivery was awesome!,Positive,Delivery
The user interface is bland.,Neutral,App/Website
The support team is awful!,Negative,Customer Service
The build material is deplorable!,Negative,Product Quality
"App keeps crashing, glorious experience.",Positive,App/Website
"they ignored my emails, wonderful support.",Positive,Customer Service
The price is acceptable!,Neutral,Pricing
"Support replied immediately, decent service!",Neutral,Customer Service
"this product is exactly what i expected, absolutely inferior.",Negative,Product Quality
The support team is fantastic.,Positive,Customer Service
"This product is exactly what I expected, absolutely inferior!",Negative,Product Quality
"Honestly, the product feels loved.",Positive,Product Quality
"they ignored my emails, stellar support.",Positive,Customer Service
"this product is exactly what i expected, absolutely exquisite.",Positive,Product Quality
the build material is horrible.,Negative,Product Quality
The package arrived disgusting!,Negative,Delivery
My experience with the agent was great.,Positive,Customer Service
pricing is absolutely so-so.,Neutral,Pricing
"This product is exactly what I expected, absolutely fine!",Neutral,Product Quality
my experience with the agent was stellar.,Positive,Customer Service
Quality is middle-of-the-road.,Neutral,Product Quality
Navigation is glorious.,Positive,App/Website
Delivery was immaculate.,Positive,Delivery
"For the cost, this is fair.",Neutral,Pricing
The app is unacceptable.,Negative,App/Website
Delivery was disgusting!,Negative,Delivery
pricing is absolutely dreadful.,Negative,Pricing
Customer service was exquisite!,Positive,Customer Service
Shipping was useless!,Negative,Delivery
Delivery was top-notch.,Positive,Delivery
the app is immaculate.,Positive,App/Website
"For the cost, this is brilliant.",Positive,Pricing
I found the item to be cheap!,Negative,Product Quality
"For the cost, this is top-notch!",Positive,Pricing
"This product is exactly what I expected, absolutely ok!",Neutral,Product Quality
Value for money is pathetic.,Negative,Pricing
The user interface is atrocious!,Negative,App/Website
Delivery was phenomenal.,Positive,Delivery
Shipping was repulsive.,Negative,Delivery
"this product is exactly what i expected, absolutely passable.",Neutral,Product Quality
"It took forever to arrive, atrocious shipping!",Negative,Delivery
The package arrived wonderful.,Positive,Delivery
The website is love.,Positive,App/Website
Customer service was superlative.,Positive,Customer Service
the price is okay.,Neutral,Pricing
Customer service was outstanding!,Positive,Customer Service
"it is too expensive, stellar value.",Positive,Pricing
Logistics and shipping speed were exceptional!,Positive,Delivery
shipping was broken.,Negative,Delivery
"for the cost, this is awful.",Negative,Pricing
Pricing is absolutely revolting!,Negative,Pricing
My experience with the agent was fair.,Neutral,Customer Service
The price is inadequate.,Negative,Pricing
my experience with the agent was outstanding.,Positive,Customer Service
Quality is perfect.,Positive,Product Quality
delivery was hated.,Negative,Delivery
Pricing is absolutely unremarkable!,Neutral,Pricing
"For the cost, this is revolting!",Negative,Pricing
my experience with the agent was superlative.,Positive,Customer Service
The package arrived inadequate!,Negative,Delivery
value for money is unbearable.,Negative,Pricing
The package arrived poor!,Negative,Delivery
The product is tolerable.,Neutral,Product Quality
The support team is good!,Positive,Customer Service
the package arrived average.,Neutral,Delivery
The user interface is revolting!,Negative,App/Website
the user interface is fantastic.,Positive,App/Website
"Honestly, the product feels undistinguished.",Neutral,Product Quality
I found the item to be wonderful.,Positive,Product Quality
pricing is absolutely breathtaking.,Positive,Pricing
"This product is exactly what I expected, absolutely abysmal.",Negative,Product Quality
"This product is exactly what I expected, absolutely standard.",Neutral,Product Quality
The build material is worst!,Negative,Product Quality
Quality is bland.,Neutral,Product Quality
I found the item to be awesome!,Positive,Product Quality
the price is dreadful.,Negative,Pricing
"app keeps crashing, undistinguished experience.",Neutral,App/Website
The website is defective.,Negative,App/Website
The product is splendid!,Positive,Product Quality
delivery was run-of-the-mill.,Neutral,Delivery
"this product is exactly what i expected, absolutely disgusting.",Negative,Product Quality
the support team is worst.,Negative,Customer Service
the support team is loved.,Positive,Customer Service
The support team is worst.,Negative,Customer Service
My experience with the agent was superb.,Positive,Customer Service
The package arrived phenomenal!,Positive,Delivery
"It took forever to arrive, mediocre shipping!",Neutral,Delivery
"It is too expensive, atrocious value.",Negative,Pricing
Customer service was brilliant.,Positive,Customer Service
"it is too expensive, exceptional value.",Positive,Pricing
"They ignored my emails, bad support.",Negative,Customer Service
pricing is absolutely amazing.,Positive,Pricing
"It took forever to arrive, awesome shipping.",Positive,Delivery
the user interface is unbearable.,Negative,App/Website
the price is useless.,Negative,Pricing
"Honestly, the product feels phenomenal.",Positive,Product Quality
the price is lousy.,Negative,Pricing
The support team is splendid.,Positive,Customer Service
"App keeps crashing, standard experience!",Neutral,App/Website
Customer service was splendid!,Positive,Customer Service
The app is superb.,Positive,App/Website
The build material is lackluster.,Neutral,Product Quality
the support team is inferior.,Negative,Customer Service
The package arrived fair.,Neutral,Delivery
The package arrived perfect!,Positive,Delivery
the build material is fantastic.,Positive,Product Quality
"support replied immediately, awful service.",Negative,Customer Service
"It took forever to arrive, excellent shipping!",Positive,Delivery
The product is useless!,Negative,Product Quality
The price is unparalleled!,Positive,Pricing
The build material is inferior!,Negative,Product Quality
i found the item to be horrible.,Negative,Product Quality
"They ignored my emails, revolting support!",Negative,Customer Service
"They ignored my emails, trash support!",Negative,Customer Service
Quality is deplorable.,Negative,Product Quality
Pricing is absolutely fair!,Neutral,Pricing
"It is too expensive, mediocre value!",Neutral,Pricing
"They ignored my emails, love support.",Positive,Customer Service
Quality is standard!,Neutral,Product Quality
"This product is exactly what I expected, absolutely repulsive.",Negative,Product Quality
The app is abysmal.,Negative,App/Website
The product is breathtaking!,Positive,Product Quality
Navigation is inadequate!,Negative,App/Website
the website is dreadful.,Negative,App/Website
Value for money is breathtaking!,Positive,Pricing
the build material is atrocious.,Negative,Product Quality
Quality is tolerable!,Neutral,Product Quality
"for the cost, this is disappointing.",Negative,Pricing
The price is glorious.,Positive,Pricing
"app keeps crashing, unbeatable experience.",Positive,App/Website
I found the item to be splendid.,Positive,Product Quality
"app keeps crashing, loved experience.",Positive,App/Website
navigation is perfect.,Positive,App/Website
The price is mediocre!,Neutral,Pricing
shipping was hate.,Negative,Delivery
The package arrived hate.,Negative,Delivery
"support replied immediately, loved service.",Positive,Customer Service
The user interface is brilliant.,Positive,App/Website
I found the item to be hate!,Negative,Product Quality
Quality is abysmal!,Negative,Product Quality
"This product is exactly what I expected, absolutely amazing.",Positive,Product Quality
"it took forever to arrive, superlative shipping.",Positive,Delivery
the app is deplorable.,Negative,App/Website
Pricing is absolutely marvelous.,Positive,Pricing
the package arrived broken.,Negative,Delivery
The build material is awful!,Negative,Product Quality
"It is too expensive, flawless value.",Positive,Pricing
"App keeps crashing, hated experience!",Negative,App/Website
"support replied immediately, wonderful service.",Positive,Customer Service
the package arrived flawless.,Positive,Delivery
i found the item to be unparalleled.,Positive,Product Quality
"It is too expensive, atrocious value!",Negative,Pricing
Navigation is superb!,Positive,App/Website
"They ignored my emails, bland support.",Neutral,Customer Service
The package arrived acceptable.,Neutral,Delivery
Value for money is horrendous.,Negative,Pricing
delivery was phenomenal.,Positive,Delivery
"Honestly, the product feels useless!",Negative,Product Quality
The build material is wonderful.,Positive,Product Quality
The price is wonderful!,Positive,Pricing
the build material is good.,Positive,Product Quality
The product is fair.,Neutral,Product Quality
"this product is exactly what i expected, absolutely unbearable.",Negative,Product Quality
The build material is ok.,Neutral,Product Quality
"it is too expensive, good value.",Positive,Pricing
Logistics and shipping speed were excellent!,Positive,Delivery
The user interface is phenomenal.,Positive,App/Website
The website is unremarkable!,Neutral,App/Website
"It took forever to arrive, revolting shipping!",Negative,Delivery
the website is brilliant.,Positive,App/Website
Shipping was hate!,Negative,Delivery
The build material is worst.,Negative,Product Quality
The price is mediocre.,Neutral,Pricing
Quality is appalling.,Negative,Product Quality
I found the item to be excellent.,Positive,Product Quality
pricing is absolutely fair.,Neutral,Pricing
My experience with the agent was outstanding.,Positive,Customer Service
Value for money is adequate!,Neutral,Pricing
"Honestly, the product feels wonderful.",Positive,Product Quality
My experience with the agent was bland!,Neutral,Customer Service
the website is lackluster.,Neutral,App/Website
"Honestly, the product feels fair.",Neutral,Product Quality
Shipping was first-rate!,Positive,Delivery
"It took forever to arrive, unbeatable shipping.",Positive,Delivery
"they ignored my emails, worst support.",Negative,Customer Service
"This product is exactly what I expected, absolutely awesome.",Positive,Product Quality
The user interface is impressive!,Positive,App/Website
"they ignored my emails, loved support.",Positive,Customer Service
The website is unbeatable.,Positive,App/Website
The app is appalling.,Negative,App/Website
The support team is stellar!,Positive,Customer Service
Quality is stellar!,Positive,Product Quality
The app is exceptional.,Positive,App/Website
"App keeps crashing, mediocre experience!",Neutral,App/Website
"for the cost, this is okay.",Neutral,Pricing
The user interface is immaculate!,Positive,App/Website
The package arrived deplorable!,Negative,Delivery
"It is too expensive, horrible value.",Negative,Pricing
pricing is absolutely appalling.,Negative,Pricing
pricing is absolutely horrible.,Negative,Pricing
Navigation is first-rate.,Positive,App/Website
My experience with the agent was magnificent.,Positive,Customer Service
My experience with the agent was appalling!,Negative,Customer Service
my experience with the agent was cheap.,Negative,Customer Service
the package arrived awful.,Negative,Delivery
The price is immaculate.,Positive,Pricing
"support replied immediately, run-of-the-mill service.",Neutral,Customer Service
Customer service was terrible!,Negative,Customer Service
"app keeps crashing, passable experience.",Neutral,App/Website
The user interface is horrendous!,Negative,App/Website
"support replied immediately, useless service.",Negative,Customer Service
"honestly, the product feels breathtaking.",Positive,Product Quality
The support team is lackluster.,Neutral,Customer Service
the app is dreadful.,Negative,App/Website
"App keeps crashing, disgusting experience!",Negative,App/Website
navigation is standard.,Neutral,App/Website
My experience with the agent was repulsive.,Negative,Customer Service
customer service was brilliant.,Positive,Customer Service
"This product is exactly what I expected, absolutely great.",Positive,Product Quality
Quality is unbearable!,Negative,Product Quality
My experience with the agent was phenomenal.,Positive,Customer Service
The support team is lackluster!,Neutral,Customer Service
Pricing is absolutely passable!,Neutral,Pricing
The app is trash!,Negative,App/Website
quality is impressive.,Positive,Product Quality
Navigation is repulsive.,Negative,App/Website
"App keeps crashing, breathtaking experience!",Positive,App/Website
"app keeps crashing, outstanding experience.",Positive,App/Website
Delivery was poor.,Negative,Delivery
The user interface is unparalleled.,Positive,App/Website
My experience with the agent was fantastic!,Positive,Customer Service
"Honestly, the product feels awful!",Negative,Product Quality
the product is loved.,Positive,Product Quality
"it took forever to arrive, undistinguished shipping.",Neutral,Delivery
"Support replied immediately, first-rate service!",Positive,Customer Service
The website is adequate!,Neutral,App/Website
"it is too expensive, vile value.",Negative,Pricing
"Honestly, the product feels breathtaking.",Positive,Product Quality
"it is too expensive, useless value.",Negative,Pricing
i found the item to be loved.,Positive,Product Quality
pricing is absolutely inadequate.,Negative,Pricing
value for money is undistinguished.,Neutral,Pricing
The price is okay.,Neutral,Pricing
"honestly, the product feels good.",Positive,Product Quality
pricing is absolutely repulsive.,Negative,Pricing
Delivery was revolting.,Negative,Delivery
Customer service was exquisite.,Positive,Customer Service
"Honestly, the product feels great.",Positive,Product Quality
The support team is unacceptable.,Negative,Customer Service
Value for money is revolting!,Negative,Pricing
The build material is awesome.,Positive,Product Quality
"Honestly, the product feels garbage!",Negative,Product Quality
Shipping was inferior!,Negative,Delivery
"honestly, the product feels great.",Positive,Product Quality
"This product is exactly what I expected, absolutely middle-of-the-road!",Neutral,Product Quality
"Support replied immediately, top-notch service!",Positive,Customer Service
"App keeps crashing, acceptable experience!",Neutral,App/Website
the user interface is terrible.,Negative,App/Website
The package arrived trash!,Negative,Delivery
"for the cost, this is lackluster.",Neutral,Pricing
Delivery was excellent.,Positive,Delivery
"This product is exactly what I expected, absolutely brilliant!",Positive,Product Quality
The price is stellar.,Positive,Pricing
The user interface is top-notch!,Positive,App/Website
"For the cost, this is passable.",Neutral,Pricing
The support team is middle-of-the-road.,Neutral,Customer Service
My experience with the agent was middle-of-the-road!,Neutral,Customer Service
"It is too expensive, subpar value!",Negative,Pricing
Value for money is vile.,Negative,Pricing
My experience with the agent was appalling.,Negative,Customer Service
Shipping was mediocre.,Neutral,Delivery
Logistics and shipping speed were impressive.,Positive,Delivery
shipping was bland.,Neutral,Delivery
the support team is lackluster.,Neutral,Customer Service
The app is perfect!,Positive,App/Website
Pricing is absolutely fine.,Neutral,Pricing
The app is disappointing!,Negative,App/Website
"This product is exactly what I expected, absolutely amazing!",Positive,Product Quality
The app is love!,Positive,App/Website
Shipping was marvelous!,Positive,Delivery
"App keeps crashing, unacceptable experience!",Negative,App/Website
"Honestly, the product feels dreadful.",Negative,Product Quality
The user interface is decent.,Neutral,App/Website
Quality is excellent!,Positive,Product Quality
the price is inadequate.,Negative,Pricing
the build material is okay.,Neutral,Product Quality
I found the item to be unparalleled.,Positive,Product Quality
Shipping was pathetic.,Negative,Delivery
Logistics and shipping speed were defective.,Negative,Delivery
Shipping was passable!,Neutral,Delivery
Shipping was hated!,Negative,Delivery
"App keeps crashing, awesome experience.",Positive,App/Website
delivery was middle-of-the-road.,Neutral,Delivery
Navigation is average.,Neutral,App/Website
my experience with the agent was inadequate.,Negative,Customer Service
"They ignored my emails, middle-of-the-road support.",Neutral,Customer Service
Shipping was unparalleled.,Positive,Delivery
The support team is garbage!,Negative,Customer Service
I found the item to be horrendous!,Negative,Product Quality
The user interface is lousy.,Negative,App/Website
"For the cost, this is phenomenal!",Positive,Pricing
"honestly, the product feels magnificent.",Positive,Product Quality
i found the item to be first-rate.,Positive,Product Quality
Quality is repulsive!,Negative,Product Quality
"It is too expensive, inadequate value!",Negative,Pricing
"App keeps crashing, vile experience.",Negative,App/Website
Pricing is absolutely vile.,Negative,Pricing
i found the item to be good.,Positive,Product Quality
Navigation is bland.,Neutral,App/Website
The package arrived terrible.,Negative,Delivery
shipping was disgusting.,Negative,Delivery
Pricing is absolutely awesome.,Positive,Pricing
"it took forever to arrive, so-so shipping.",Neutral,Delivery
the support team is hated.,Negative,Customer Service
"For the cost, this is stellar!",Positive,Pricing
I found the item to be splendid!,Positive,Product Quality
My experience with the agent was ok!,Neutral,Customer Service
Value for money is immaculate!,Positive,Pricing
"This product is exactly what I expected, absolutely unacceptable.",Negative,Product Quality
"Honestly, the product feels inadequate.",Negative,Product Quality
Navigation is vile.,Negative,App/Website
the website is subpar.,Negative,App/Website
the user interface is loved.,Positive,App/Website
Value for money is inferior!,Negative,Pricing
Shipping was atrocious.,Negative,Delivery
"it is too expensive, superb value.",Positive,Pricing
The product is run-of-the-mill.,Neutral,Product Quality
"For the cost, this is tolerable.",Neutral,Pricing
The build material is phenomenal.,Positive,Product Quality
the price is disappointing.,Negative,Pricing
"this product is exactly what i expected, absolutely undistinguished.",Neutral,Product Quality
"App keeps crashing, run-of-the-mill experience.",Neutral,App/Website
"Honestly, the product feels love.",Positive,Product Quality
quality is outstanding.,Positive,Product Quality
"It took forever to arrive, unparalleled shipping.",Positive,Delivery
shipping was exquisite.,Positive,Delivery
"support replied immediately, magnificent service.",Positive,Customer Service
The build material is impressive!,Positive,Product Quality
"it is too expensive, loved value.",Positive,Pricing
I found the item to be vile!,Negative,Product Quality
The website is amazing!,Positive,App/Website
"support replied immediately, passable service.",Neutral,Customer Service
value for money is fantastic.,Positive,Pricing
"Support replied immediately, impressive service.",Positive,Customer Service
the website is amazing.,Positive,App/Website
Delivery was terrible!,Negative,Delivery
Pricing is absolutely inferior!,Negative,Pricing
I found the item to be decent.,Neutral,Product Quality
navigation is horrible.,Negative,App/Website
Value for money is amazing!,Positive,Pricing
quality is wonderful.,Positive,Product Quality
the app is breathtaking.,Positive,App/Website
"For the cost, this is lousy.",Negative,Pricing
The product is so-so.,Neutral,Product Quality
the support team is hate.,Negative,Customer Service
Logistics and shipping speed were unbeatable!,Positive,Delivery
"This product is exactly what I expected, absolutely middle-of-the-road.",Neutral,Product Quality
The build material is run-of-the-mill!,Neutral,Product Quality
The support team is loved!,Positive,Customer Service
Quality is great.,Positive,Product Quality
"It is too expensive, so-so value.",Neutral,Pricing
I found the item to be defective!,Negative,Product Quality
Logistics and shipping speed were horrible.,Negative,Delivery
The build material is amazing!,Positive,Product Quality
the build material is flawless.,Positive,Product Quality
"App keeps crashing, terrible experience.",Negative,App/Website
Delivery was fantastic.,Positive,Delivery
the user interface is first-rate.,Positive,App/Website
Customer service was revolting!,Negative,Customer Service
The user interface is average.,Neutral,App/Website
Value for money is mediocre.,Neutral,Pricing
"This product is exactly what I expected, absolutely okay!",Neutral,Product Quality
The build material is great.,Positive,Product Quality
The price is so-so.,Neutral,Pricing
"honestly, the product feels tolerable.",Neutral,Product Quality
customer service was horrible.,Negative,Customer Service
I found the item to be mediocre!,Neutral,Product Quality
I found the item to be superb.,Positive,Product Quality
"It took forever to arrive, phenomenal shipping!",Positive,Delivery
quality is phenomenal.,Positive,Product Quality
The package arrived dreadful!,Negative,Delivery
The product is superlative!,Positive,Product Quality
"It took forever to arrive, inferior shipping.",Negative,Delivery
"app keeps crashing, horrible experience.",Negative,App/Website
"Honestly, the product feels excellent!",Positive,Product Quality
Shipping was run-of-the-mill.,Neutral,Delivery
Customer service was excellent!,Positive,Customer Service
"It is too expensive, inferior value.",Negative,Pricing
Shipping was unbearable.,Negative,Delivery
"For the cost, this is acceptable!",Neutral,Pricing
the package arrived garbage.,Negative,Delivery
Pricing is absolutely run-of-the-mill.,Neutral,Pricing
Navigation is lousy.,Negative,App/Website
"app keeps crashing, top-notch experience.",Positive,App/Website
navigation is first-rate.,Positive,App/Website
"App keeps crashing, trash experience!",Negative,App/Website
Customer service was unacceptable.,Negative,Customer Service
The support team is flawless!,Positive,Customer Service
The support team is top-notch.,Positive,Customer Service
"Support replied immediately, bland service!",Neutral,Customer Service
"this product is exactly what i expected, absolutely awful.",Negative,Product Quality
the build material is garbage.,Negative,Product Quality
Pricing is absolutely pathetic!,Negative,Pricing
"It took forever to arrive, exceptional shipping!",Positive,Delivery
the package arrived love.,Positive,Delivery
My experience with the agent was okay.,Neutral,Customer Service
the app is impressive.,Positive,App/Website
The user interface is unacceptable.,Negative,App/Website
"For the cost, this is so-so!",Neutral,Pricing
The build material is awesome!,Positive,Product Quality
The support team is subpar.,Negative,Customer Service
"It took forever to arrive, first-rate shipping!",Positive,Delivery
Value for money is repulsive.,Negative,Pricing
"they ignored my emails, bad support.",Negative,Customer Service
my experience with the agent was horrendous.,Negative,Customer Service
"this product is exactly what i expected, absolutely so-so.",Neutral,Product Quality
Customer service was lackluster!,Neutral,Customer Service
logistics and shipping speed were okay.,Neutral,Delivery
value for money is standard.,Neutral,Pricing
Logistics and shipping speed were bad.,Negative,Delivery
Didn't arrive on time.,Negative,Delivery
the support team is ok.,Neutral,Customer Service
The support team is exquisite.,Positive,Customer Service
Navigation is defective!,Negative,App/Website
i found the item to be cheap.,Negative,Product Quality
"Support replied immediately, passable service!",Neutral,Customer Service
The user interface is acceptable!,Neutral,App/Website
The build material is exquisite!,Positive,Product Quality
My experience with the agent was unremarkable.,Neutral,Customer Service
"it took forever to arrive, horrendous shipping.",Negative,Delivery
I found the item to be passable!,Neutral,Product Quality
Delivery was ok!,Neutral,Delivery
the build material is worst.,Negative,Product Quality
"It is too expensive, useless value!",Negative,Pricing
The build material is garbage!,Negative,Product Quality
"For the cost, this is exquisite!",Positive,Pricing
The build material is top-notch.,Positive,Product Quality
"For the cost, this is amazing.",Positive,Pricing
i found the item to be bland.,Neutral,Product Quality
the price is ok.,Neutral,Pricing
"support replied immediately, splendid service.",Positive,Customer Service
"They ignored my emails, broken support.",Negative,Customer Service
the support team is broken.,Negative,Customer Service
shipping was dreadful.,Negative,Delivery
the user interface is magnificent.,Positive,App/Website
quality is ok.,Neutral,Product Quality
Navigation is immaculate.,Positive,App/Website
the app is terrible.,Negative,App/Website
The build material is disgusting.,Negative,Product Quality
the product is unparalleled.,Positive,Product Quality
I found the item to be undistinguished.,Neutral,Product Quality
"It is too expensive, first-rate value!",Positive,Pricing
quality is run-of-the-mill.,Neutral,Product Quality
"they ignored my emails, ok support.",Neutral,Customer Service
The build material is lousy.,Negative,Product Quality
"Honestly, the product feels awesome!",Positive,Product Quality
"they ignored my emails, cheap support.",Negative,Customer Service
"For the cost, this is poor!",Negative,Pricing
"Support replied immediately, appalling service.",Negative,Customer Service
"App keeps crashing, dreadful experience.",Negative,App/Website
logistics and shipping speed were excellent.,Positive,Delivery
Customer service was repulsive.,Negative,Customer Service
The build material is adequate!,Neutral,Product Quality
Far from perfect.,Negative,General
Customer service was top-notch.,Positive,Customer Service
Value for money is mediocre!,Neutral,Pricing
Customer service was appalling.,Negative,Customer Service
Customer service was hate!,Negative,Customer Service
"Honestly, the product feels pathetic!",Negative,Product Quality
Quality is hate!,Negative,Product Quality
Delivery was broken!,Negative,Delivery
"It took forever to arrive, glorious shipping.",Positive,Delivery
The user interface is phenomenal!,Positive,App/Website
Pricing is absolutely lousy.,Negative,Pricing
The user interface is inferior.,Negative,App/Website
"Support replied immediately, magnificent service!",Positive,Customer Service
The product is disappointing.,Negative,Product Quality
The website is outstanding!,Positive,App/Website
"honestly, the product feels lackluster.",Neutral,Product Quality
The app is worst!,Negative,App/Website
The build material is unparalleled!,Positive,Product Quality
shipping was superlative.,Positive,Delivery
Quality is bland!,Neutral,Product Quality
logistics and shipping speed were lousy.,Negative,Delivery
shipping was fair.,Neutral,Delivery
the user interface is unremarkable.,Neutral,App/Website
The app is great.,Positive,App/Website
Customer service was phenomenal.,Positive,Customer Service
"they ignored my emails, inferior support.",Negative,Customer Service
"Honestly, the product feels subpar.",Negative,Product Quality
"For the cost, this is marvelous!",Positive,Pricing
"support replied immediately, immaculate service.",Positive,Customer Service
"It is too expensive, worst value.",Negative,Pricing
Logistics and shipping speed were garbage!,Negative,Delivery
the product is cheap.,Negative,Product Quality
The product is broken!,Negative,Product Quality
The app is unbearable.,Negative,App/Website
"It is too expensive, tolerable value.",Neutral,Pricing
Shipping was stellar.,Positive,Delivery
Value for money is excellent!,Positive,Pricing
the user interface is ok.,Neutral,App/Website
The product is passable.,Neutral,Product Quality
value for money is mediocre.,Neutral,Pricing
Customer service was useless.,Negative,Customer Service
"it took forever to arrive, pathetic shipping.",Negative,Delivery
The support team is undistinguished.,Neutral,Customer Service
Pricing is absolutely abysmal!,Negative,Pricing
i found the item to be pathetic.,Negative,Product Quality
The package arrived fine!,Neutral,Delivery
The support team is useless.,Negative,Customer Service
the package arrived passable.,Neutral,Delivery
The user interface is decent!,Neutral,App/Website
"honestly, the product feels ok.",Neutral,Product Quality
pricing is absolutely lackluster.,Neutral,Pricing
The app is okay.,Neutral,App/Website
"this product is exactly what i expected, absolutely useless.",Negative,Product Quality
"They ignored my emails, pathetic support!",Negative,Customer Service
the user interface is abysmal.,Negative,App/Website
Navigation is undistinguished.,Neutral,App/Website
The app is unremarkable.,Neutral,App/Website
The website is exceptional.,Positive,App/Website
Pricing is absolutely breathtaking.,Positive,Pricing
The package arrived horrendous!,Negative,Delivery
quality is awful.,Negative,Product Quality
The website is horrendous!,Negative,App/Website
Value for money is splendid!,Positive,Pricing
pricing is absolutely good.,Positive,Pricing
"honestly, the product feels decent.",Neutral,Product Quality
"it is too expensive, dreadful value.",Negative,Pricing
"honestly, the product feels phenomenal.",Positive,Product Quality
my experience with the agent was passable.,Neutral,Customer Service
delivery was perfect.,Positive,Delivery
Shipping was hate.,Negative,Delivery
i found the item to be subpar.,Negative,Product Quality
The price is horrible.,Negative,Pricing
"app keeps crashing, glorious experience.",Positive,App/Website
quality is trash.,Negative,Product Quality
"it took forever to arrive, breathtaking shipping.",Positive,Delivery
the product is outstanding.,Positive,Product Quality
The product is inferior.,Negative,Product Quality
Shipping was impressive.,Positive,Delivery
Delivery was useless.,Negative,Delivery
value for money is superb.,Positive,Pricing
"Support replied immediately, bland service.",Neutral,Customer Service
Delivery was lackluster!,Neutral,Delivery
"this product is exactly what i expected, absolutely exceptional.",Positive,Product Quality
"Support replied immediately, disgusting service!",Negative,Customer Service
My experience with the agent was deplorable.,Negative,Customer Service
I found the item to be fine!,Neutral,Product Quality
"they ignored my emails, broken support.",Negative,Customer Service
delivery was revolting.,Negative,Delivery
the package arrived unbearable.,Negative,Delivery
the user interface is hated.,Negative,App/Website
Delivery was terrible.,Negative,Delivery
i found the item to be repulsive.,Negative,Product Quality
The app is so-so.,Neutral,App/Website
shipping was superb.,Positive,Delivery
"This product is exactly what I expected, absolutely dreadful.",Negative,Product Quality
Delivery was horrible.,Negative,Delivery
The user interface is cheap!,Negative,App/Website
The app is unacceptable!,Negative,App/Website
Quality is good!,Positive,Product Quality
Customer service was first-rate.,Positive,Customer Service
the support team is good.,Positive,Customer Service
The website is vile.,Negative,App/Website
"This product is exactly what I expected, absolutely useless!",Negative,Product Quality
My experience with the agent was lackluster.,Neutral,Customer Service
The build material is splendid.,Positive,Product Quality
the price is revolting.,Negative,Pricing
The package arrived standard!,Neutral,Delivery
Shipping was awful!,Negative,Delivery
Logistics and shipping speed were garbage.,Negative,Delivery
"Honestly, the product feels impressive.",Positive,Product Quality
The product is horrendous!,Negative,Product Quality
The support team is unbeatable!,Positive,Customer Service
Shipping was broken.,Negative,Delivery
the website is top-notch.,Positive,App/Website
quality is useless.,Negative,Product Quality
Pricing is absolutely abysmal.,Negative,Pricing
The product is wonderful!,Positive,Product Quality
the support team is impressive.,Positive,Customer Service
"Honestly, the product feels run-of-the-mill!",Neutral,Product Quality
The price is useless.,Negative,Pricing
the price is fantastic.,Positive,Pricing
the build material is vile.,Negative,Product Quality
The build material is inferior.,Negative,Product Quality
navigation is decent.,Neutral,App/Website
"for the cost, this is unparalleled.",Positive,Pricing
The build material is horrendous.,Negative,Product Quality
customer service was terrible.,Negative,Customer Service
"support replied immediately, inadequate service.",Negative,Customer Service
Value for money is awful.,Negative,Pricing
"App keeps crashing, brilliant experience.",Positive,App/Website
"It took forever to arrive, immaculate shipping.",Positive,Delivery
Logistics and shipping speed were subpar.,Negative,Delivery
I found the item to be disappointing!,Negative,Product Quality
I found the item to be top-notch!,Positive,Product Quality
Customer service was great.,Positive,Customer Service
shipping was cheap.,Negative,Delivery
The user interface is vile!,Negative,App/Website
"This product is exactly what I expected, absolutely deplorable.",Negative,Product Quality
The support team is appalling.,Negative,Customer Service
The support team is awesome!,Positive,Customer Service
The package arrived bland.,Neutral,Delivery
"they ignored my emails, acceptable support.",Neutral,Customer Service
"It is too expensive, perfect value.",Positive,Pricing
"app keeps crashing, standard experience.",Neutral,App/Website
Navigation is wonderful.,Positive,App/Website
The website is ok!,Neutral,App/Website
"app keeps crashing, fine experience.",Neutral,App/Website
My experience with the agent was run-of-the-mill.,Neutral,Customer Service
navigation is wonderful.,Positive,App/Website
"support replied immediately, fine service.",Neutral,Customer Service
"App keeps crashing, subpar experience!",Negative,App/Website
Value for money is flawless.,Positive,Pricing
value for money is tolerable.,Neutral,Pricing
the user interface is standard.,Neutral,App/Website
the build material is unparalleled.,Positive,Product Quality
"Honestly, the product feels cheap.",Negative,Product Quality
The support team is dreadful!,Negative,Customer Service
"it took forever to arrive, disappointing shipping.",Negative,Delivery
Quality is awful.,Negative,Product Quality
The package arrived acceptable!,Neutral,Delivery
The website is atrocious!,Negative,App/Website
The product is useless.,Negative,Product Quality
delivery was splendid.,Positive,Delivery
"App keeps crashing, marvelous experience!",Positive,App/Website
"This product is exactly what I expected, absolutely acceptable!",Neutral,Product Quality
Pricing is absolutely average.,Neutral,Pricing
Pricing is absolutely phenomenal!,Positive,Pricing
"This product is exactly what I expected, absolutely pathetic.",Negative,Product Quality
Pricing is absolutely splendid!,Positive,Pricing
The package arrived outstanding!,Positive,Delivery
"It is too expensive, top-notch value.",Positive,Pricing
The website is stellar.,Positive,App/Website
the website is outstanding.,Positive,App/Website
"Honestly, the product feels fine!",Neutral,Product Quality
The price is awesome.,Positive,Pricing
the build material is magnificent.,Positive,Product Quality
The support team is flawless.,Positive,Customer Service
"this product is exactly what i expected, absolutely cheap.",Negative,Product Quality
shipping was awesome.,Positive,Delivery
my experience with the agent was trash.,Negative,Customer Service
"They ignored my emails, useless support.",Negative,Customer Service
The package arrived unremarkable.,Neutral,Delivery
"For the cost, this is horrendous!",Negative,Pricing
My experience with the agent was hated.,Negative,Customer Service
My experience with the agent was ok.,Neutral,Customer Service
The package arrived unbeatable!,Positive,Delivery
the website is fine.,Neutral,App/Website
"it took forever to arrive, hated shipping.",Negative,Delivery
"For the cost, this is dreadful!",Negative,Pricing
the price is top-notch.,Positive,Pricing
"it took forever to arrive, brilliant shipping.",Positive,Delivery
Value for money is okay!,Neutral,Pricing
Delivery was impressive.,Positive,Delivery
"This product is exactly what I expected, absolutely unremarkable!",Neutral,Product Quality
"Support replied immediately, useless service.",Negative,Customer Service
The product is mediocre!,Neutral,Product Quality
"honestly, the product feels terrible.",Negative,Product Quality
"They ignored my emails, good support.",Positive,Customer Service
Delivery was run-of-the-mill.,Neutral,Delivery
"for the cost, this is exquisite.",Positive,Pricing
Pricing is absolutely stellar.,Positive,Pricing
navigation is disgusting.,Negative,App/Website
Pricing is absolutely outstanding!,Positive,Pricing
"For the cost, this is excellent.",Positive,Pricing
"It took forever to arrive, fair shipping!",Neutral,Delivery
"this product is exactly what i expected, absolutely marvelous.",Positive,Product Quality
"It is too expensive, amazing value!",Positive,Pricing
the price is horrendous.,Negative,Pricing
"for the cost, this is adequate.",Neutral,Pricing
"It took forever to arrive, useless shipping.",Negative,Delivery
the price is unacceptable.,Negative,Pricing
Pricing is absolutely subpar.,Negative,Pricing
The user interface is splendid!,Positive,App/Website
"they ignored my emails, run-of-the-mill support.",Neutral,Customer Service
The build material is middle-of-the-road!,Neutral,Product Quality
The package arrived broken.,Negative,Delivery
Logistics and shipping speed were fine.,Neutral,Delivery
"For the cost, this is disappointing.",Negative,Pricing
"App keeps crashing, disgusting experience.",Negative,App/Website
The package arrived run-of-the-mill.,Neutral,Delivery
Logistics and shipping speed were hated!,Negative,Delivery
The website is perfect.,Positive,App/Website
the build material is hate.,Negative,Product Quality
Shipping was defective.,Negative,Delivery
the user interface is glorious.,Positive,App/Website
Shipping was outstanding!,Positive,Delivery
customer service was unremarkable.,Neutral,Customer Service
"Support replied immediately, amazing service!",Positive,Customer Service
"They ignored my emails, trash support.",Negative,Customer Service
"it is too expensive, hated value.",Negative,Pricing
navigation is cheap.,Negative,App/Website
"For the cost, this is first-rate!",Positive,Pricing
The package arrived okay.,Neutral,Delivery
i found the item to be love.,Positive,Product Quality
value for money is horrendous.,Negative,Pricing
The product is passable!,Neutral,Product Quality
"support replied immediately, revolting service.",Negative,Customer Service
the package arrived fair.,Neutral,Delivery
the package arrived excellent.,Positive,Delivery
"For the cost, this is inferior!",Negative,Pricing
"Support replied immediately, top-notch service.",Positive,Customer Service
The website is passable.,Neutral,App/Website
i found the item to be terrible.,Negative,Product Quality
Shipping was subpar.,Negative,Delivery
Logistics and shipping speed were revolting.,Negative,Delivery
"support replied immediately, amazing service.",Positive,Customer Service
shipping was wonderful.,Positive,Delivery
"It took forever to arrive, hated shipping!",Negative,Delivery
the product is terrible.,Negative,Product Quality
The website is undistinguished.,Neutral,App/Website
"for the cost, this is defective.",Negative,Pricing
logistics and shipping speed were fantastic.,Positive,Delivery
Delivery was great.,Positive,Delivery
the package arrived cheap.,Negative,Delivery
Pricing is absolutely brilliant!,Positive,Pricing
The app is garbage!,Negative,App/Website
The build material is superlative!,Positive,Product Quality
"App keeps crashing, defective experience.",Negative,App/Website
"This product is exactly what I expected, absolutely appalling!",Negative,Product Quality
Pricing is absolutely decent.,Neutral,Pricing
the price is loved.,Positive,Pricing
pricing is absolutely pathetic.,Negative,Pricing
the package arrived magnificent.,Positive,Delivery
delivery was deplorable.,Negative,Delivery
"for the cost, this is horrendous.",Negative,Pricing
"It is too expensive, mediocre value.",Neutral,Pricing
"For the cost, this is lackluster!",Neutral,Pricing
the product is immaculate.,Positive,Product Quality
"for the cost, this is fair.",Neutral,Pricing
The user interface is broken.,Negative,App/Website
I found the item to be marvelous.,Positive,Product Quality
Logistics and shipping speed were hate!,Negative,Delivery
"For the cost, this is unacceptable.",Negative,Pricing
Value for money is magnificent!,Positive,Pricing
The price is phenomenal.,Positive,Pricing
The price is brilliant!,Positive,Pricing
"It took forever to arrive, cheap shipping!",Negative,Delivery
my experience with the agent was garbage.,Negative,Customer Service
"It is too expensive, poor value.",Negative,Pricing
Navigation is amazing!,Positive,App/Website
"They ignored my emails, bland support!",Neutral,Customer Service
The user interface is undistinguished.,Neutral,App/Website
Customer service was adequate.,Neutral,Customer Service
"this product is exactly what i expected, absolutely first-rate.",Positive,Product Quality
"They ignored my emails, repulsive support.",Negative,Customer Service
pricing is absolutely cheap.,Negative,Pricing
value for money is magnificent.,Positive,Pricing
The user interface is bad.,Negative,App/Website
Value for money is splendid.,Positive,Pricing
Navigation is lackluster.,Neutral,App/Website
"they ignored my emails, exceptional support.",Positive,Customer Service
The package arrived breathtaking!,Positive,Delivery
The product is terrible!,Negative,Product Quality
My experience with the agent was deplorable!,Negative,Customer Service
Shipping was terrible.,Negative,Delivery
Customer service was okay!,Neutral,Customer Service
"Support replied immediately, so-so service.",Neutral,Customer Service
The user interface is marvelous!,Positive,App/Website
"honestly, the product feels garbage.",Negative,Product Quality
The price is magnificent.,Positive,Pricing
"This product is exactly what I expected, absolutely unbeatable!",Positive,Product Quality
The product is unacceptable!,Negative,Product Quality
Logistics and shipping speed were vile!,Negative,Delivery
the product is repulsive.,Negative,Product Quality
Logistics and shipping speed were tolerable.,Neutral,Delivery
Customer service was mediocre!,Neutral,Customer Service
Value for money is superb.,Positive,Pricing
The package arrived undistinguished.,Neutral,Delivery
Shipping was breathtaking.,Positive,Delivery
"App keeps crashing, appalling experience.",Negative,App/Website
navigation is superb.,Positive,App/Website
Logistics and shipping speed were immaculate!,Positive,Delivery
The website is impressive!,Positive,App/Website
Shipping was acceptable!,Neutral,Delivery
The support team is pathetic!,Negative,Customer Service
The app is broken!,Negative,App/Website
"it took forever to arrive, wonderful shipping.",Positive,Delivery
The package arrived abysmal!,Negative,Delivery
"This product is exactly what I expected, absolutely immaculate!",Positive,Product Quality
"They ignored my emails, phenomenal support!",Positive,Customer Service
My experience with the agent was superlative.,Positive,Customer Service
"This product is exactly what I expected, absolutely garbage!",Negative,Product Quality
"Honestly, the product feels horrible.",Negative,Product Quality
logistics and shipping speed were trash.,Negative,Delivery
quality is first-rate.,Positive,Product Quality
The user interface is ok.,Neutral,App/Website
The user interface is first-rate.,Positive,App/Website
The support team is perfect!,Positive,Customer Service
Pricing is absolutely magnificent.,Positive,Pricing
"it is too expensive, subpar value.",Negative,Pricing
pricing is absolutely garbage.,Negative,Pricing
"They ignored my emails, deplorable support.",Negative,Customer Service
"this product is exactly what i expected, absolutely standard.",Neutral,Product Quality
The product is outstanding.,Positive,Product Quality
Shipping was amazing!,Positive,Delivery
my experience with the agent was vile.,Negative,Customer Service
The build material is subpar.,Negative,Product Quality
"it took forever to arrive, worst shipping.",Negative,Delivery
i found the item to be superb.,Positive,Product Quality
"app keeps crashing, splendid experience.",Positive,App/Website
the user interface is acceptable.,Neutral,App/Website
The product is exquisite!,Positive,Product Quality
logistics and shipping speed were loved.,Positive,Delivery
The support team is glorious!,Positive,Customer Service
Navigation is atrocious.,Negative,App/Website
The package arrived magnificent.,Positive,Delivery
the website is flawless.,Positive,App/Website
The build material is amazing.,Positive,Product Quality
"for the cost, this is tolerable.",Neutral,Pricing
The package arrived unacceptable!,Negative,Delivery
"It is too expensive, impressive value.",Positive,Pricing
the support team is immaculate.,Positive,Customer Service
Shipping was useless.,Negative,Delivery
navigation is poor.,Negative,App/Website
"support replied immediately, trash service.",Negative,Customer Service
Shipping was magnificent.,Positive,Delivery
"this product is exactly what i expected, absolutely hate.",Negative,Product Quality
pricing is absolutely deplorable.,Negative,Pricing
The price is awful!,Negative,Pricing
"app keeps crashing, hate experience.",Negative,App/Website
"It took forever to arrive, deplorable shipping.",Negative,Delivery
"This product is exactly what I expected, absolutely undistinguished.",Neutral,Product Quality
Logistics and shipping speed were unparalleled!,Positive,Delivery
"support replied immediately, repulsive service.",Negative,Customer Service
"they ignored my emails, disappointing support.",Negative,Customer Service
"This product is exactly what I expected, absolutely lousy.",Negative,Product Quality
My experience with the agent was atrocious!,Negative,Customer Service
The product is hate!,Negative,Product Quality
i found the item to be outstanding.,Positive,Product Quality
the app is hate.,Negative,App/Website
"App keeps crashing, unremarkable experience.",Neutral,App/Website
the package arrived lousy.,Negative,Delivery
Quality is adequate!,Neutral,Product Quality
The package arrived lousy!,Negative,Delivery
"This product is exactly what I expected, absolutely unbearable!",Negative,Product Quality
"They ignored my emails, horrible support.",Negative,Customer Service
"they ignored my emails, lackluster support.",Neutral,Customer Service
The support team is passable!,Neutral,Customer Service
Customer service was acceptable!,Neutral,Customer Service
The product is superlative.,Positive,Product Quality
the app is superlative.,Positive,App/Website
pricing is absolutely fantastic.,Positive,Pricing
Value for money is cheap!,Negative,Pricing
"App keeps crashing, horrible experience!",Negative,App/Website
The app is horrible!,Negative,App/Website
value for money is vile.,Negative,Pricing
The app is exquisite!,Positive,App/Website
"For the cost, this is repulsive!",Negative,Pricing
"they ignored my emails, unacceptable support.",Negative,Customer Service
The app is inadequate.,Negative,App/Website
Value for money is top-notch!,Positive,Pricing
the package arrived hated.,Negative,Delivery
I found the item to be tolerable.,Neutral,Product Quality
Navigation is awful!,Negative,App/Website
navigation is unremarkable.,Neutral,App/Website
the app is so-so.,Neutral,App/Website
the product is unremarkable.,Neutral,Product Quality
"They ignored my emails, defective support!",Negative,Customer Service
The support team is impressive!,Positive,Customer Service
the user interface is impressive.,Positive,App/Website
Pricing is absolutely vile!,Negative,Pricing
"support replied immediately, fair service.",Neutral,Customer Service
Delivery was brilliant.,Positive,Delivery
Customer service was perfect!,Positive,Customer Service
"Honestly, the product feels fair!",Neutral,Product Quality
"It took forever to arrive, unacceptable shipping.",Negative,Delivery
the package arrived stellar.,Positive,Delivery
Pricing is absolutely horrible.,Negative,Pricing
"App keeps crashing, unbearable experience.",Negative,App/Website
the price is marvelous.,Positive,Pricing
My experience with the agent was horrible!,Negative,Customer Service
"For the cost, this is hate.",Negative,Pricing
"It is too expensive, cheap value!",Negative,Pricing
"it is too expensive, hate value.",Negative,Pricing
Quality is unparalleled!,Positive,Product Quality
The support team is trash!,Negative,Customer Service
Logistics and shipping speed were inferior!,Negative,Delivery
Navigation is phenomenal!,Positive,App/Website
"They ignored my emails, poor support.",Negative,Customer Service
the app is flawless.,Positive,App/Website
Delivery was acceptable.,Neutral,Delivery
"Support replied immediately, tolerable service.",Neutral,Customer Service
The support team is outstanding!,Positive,Customer Service
Pricing is absolutely repulsive.,Negative,Pricing
the website is horrible.,Negative,App/Website
value for money is dreadful.,Negative,Pricing
Delivery was amazing!,Positive,Delivery
the package arrived disappointing.,Negative,Delivery
"Honestly, the product feels worst!",Negative,Product Quality
"this product is exactly what i expected, absolutely revolting.",Negative,Product Quality
Pricing is absolutely exceptional!,Positive,Pricing
the package arrived breathtaking.,Positive,Delivery
shipping was passable.,Neutral,Delivery
"they ignored my emails, horrendous support.",Negative,Customer Service
Pricing is absolutely dreadful.,Negative,Pricing
"Honestly, the product feels average.",Neutral,Product Quality
The user interface is middle-of-the-road.,Neutral,App/Website
The user interface is outstanding!,Positive,App/Website
"Honestly, the product feels unbearable.",Negative,Product Quality
"it is too expensive, disgusting value.",Negative,Pricing
"They ignored my emails, amazing support!",Positive,Customer Service
"for the cost, this is disgusting.",Negative,Pricing
logistics and shipping speed were awesome.,Positive,Delivery
"for the cost, this is middle-of-the-road.",Neutral,Pricing
"for the cost, this is amazing.",Positive,Pricing
the price is superlative.,Positive,Pricing
"support replied immediately, outstanding service.",Positive,Customer Service
the build material is unbeatable.,Positive,Product Quality
I found the item to be loved.,Positive,Product Quality
The build material is brilliant!,Positive,Product Quality
Value for money is outstanding!,Positive,Pricing
delivery was good.,Positive,Delivery
"this product is exactly what i expected, absolutely superb.",Positive,Product Quality
My experience with the agent was cheap!,Negative,Customer Service
My experience with the agent was phenomenal!,Positive,Customer Service
navigation is abysmal.,Negative,App/Website
"They ignored my emails, garbage support!",Negative,Customer Service
"It took forever to arrive, hate shipping.",Negative,Delivery
"This product is exactly what I expected, absolutely adequate!",Neutral,Product Quality
"it is too expensive, horrendous value.",Negative,Pricing
"it took forever to arrive, immaculate shipping.",Positive,Delivery
"support replied immediately, pathetic service.",Negative,Customer Service
"They ignored my emails, acceptable support!",Neutral,Customer Service
The build material is unbearable.,Negative,Product Quality
The app is awesome.,Positive,App/Website
"Honestly, the product feels middle-of-the-road!",Neutral,Product Quality
"for the cost, this is unremarkable.",Neutral,Pricing
The build material is passable!,Neutral,Product Quality
"Support replied immediately, so-so service!",Neutral,Customer Service
my experience with the agent was defective.,Negative,Customer Service
Pricing is absolutely dreadful!,Negative,Pricing
The build material is deplorable.,Negative,Product Quality
the support team is unbearable.,Negative,Customer Service
the product is magnificent.,Positive,Product Quality
the product is first-rate.,Positive,Product Quality
my experience with the agent was first-rate.,Positive,Customer Service
the product is defective.,Negative,Product Quality
"They ignored my emails, lousy support.",Negative,Customer Service
Navigation is inferior.,Negative,App/Website
My experience with the agent was glorious!,Positive,Customer Service
"They ignored my emails, average support!",Neutral,Customer Service
Navigation is mediocre!,Neutral,App/Website
"they ignored my emails, deplorable support.",Negative,Customer Service
The user interface is magnificent.,Positive,App/Website
my experience with the agent was dreadful.,Negative,Customer Service
Delivery was subpar!,Negative,Delivery
the price is appalling.,Negative,Pricing
The support team is repulsive!,Negative,Customer Service
Logistics and shipping speed were inadequate!,Negative,Delivery
the user interface is okay.,Neutral,App/Website
"they ignored my emails, excellent support.",Positive,Customer Service
The user interface is good.,Positive,App/Website
the price is inferior.,Negative,Pricing
"App keeps crashing, magnificent experience!",Positive,App/Website
pricing is absolutely okay.,Neutral,Pricing
The package arrived unbeatable.,Positive,Delivery
I found the item to be deplorable!,Negative,Product Quality
"App keeps crashing, disappointing experience!",Negative,App/Website
The support team is ok.,Neutral,Customer Service
The package arrived amazing!,Positive,Delivery
"app keeps crashing, worst experience.",Negative,App/Website
"honestly, the product feels adequate.",Neutral,Product Quality
"this product is exactly what i expected, absolutely superlative.",Positive,Product Quality
"it took forever to arrive, loved shipping.",Positive,Delivery
The package arrived inferior.,Negative,Delivery
"They ignored my emails, horrendous support.",Negative,Customer Service
The product is ok.,Neutral,Product Quality
logistics and shipping speed were poor.,Negative,Delivery
"It is too expensive, bland value!",Neutral,Pricing
delivery was glorious.,Positive,Delivery
navigation is mediocre.,Neutral,App/Website
the product is ok.,Neutral,Product Quality
Delivery was garbage!,Negative,Delivery
"It took forever to arrive, glorious shipping!",Positive,Delivery
The product is dreadful!,Negative,Product Quality
The website is horrible!,Negative,App/Website
"They ignored my emails, hated support!",Negative,Customer Service
The website is appalling!,Negative,App/Website
Pricing is absolutely awful!,Negative,Pricing
"for the cost, this is dreadful.",Negative,Pricing
The app is inferior!,Negative,App/Website
The price is splendid!,Positive,Pricing
shipping was bad.,Negative,Delivery
pricing is absolutely disappointing.,Negative,Pricing
the website is wonderful.,Positive,App/Website
"app keeps crashing, hated experience.",Negative,App/Website
"They ignored my emails, adequate support!",Neutral,Customer Service
"Support replied immediately, worst service!",Negative,Customer Service
"This product is exactly what I expected, absolutely unremarkable.",Neutral,Product Quality
"app keeps crashing, dreadful experience.",Negative,App/Website
The price is bad.,Negative,Pricing
The product is amazing.,Positive,Product Quality
customer service was pathetic.,Negative,Customer Service
I found the item to be abysmal.,Negative,Product Quality
The support team is loved.,Positive,Customer Service
The app is immaculate!,Positive,App/Website
"For the cost, this is deplorable.",Negative,Pricing
Value for money is standard.,Neutral,Pricing
Logistics and shipping speed were atrocious!,Negative,Delivery
The product is average!,Neutral,Product Quality
"it is too expensive, unacceptable value.",Negative,Pricing
Quality is defective.,Negative,Product Quality
"It is too expensive, lackluster value!",Neutral,Pricing
Value for money is average!,Neutral,Pricing
Delivery was exceptional!,Positive,Delivery
"Honestly, the product feels inadequate!",Negative,Product Quality
Quality is adequate.,Neutral,Product Quality
the user interface is superlative.,Positive,App/Website
the price is impressive.,Positive,Pricing
The build material is average!,Neutral,Product Quality
"It is too expensive, unbeatable value!",Positive,Pricing
"It took forever to arrive, disgusting shipping!",Negative,Delivery
The website is phenomenal!,Positive,App/Website
Quality is acceptable!,Neutral,Product Quality
The app is okay!,Neutral,App/Website
The build material is dreadful.,Negative,Product Quality
i found the item to be dreadful.,Negative,Product Quality
The support team is vile!,Negative,Customer Service
Shipping was loved!,Positive,Delivery
The price is superb.,Positive,Pricing
shipping was hated.,Negative,Delivery
"it took forever to arrive, unremarkable shipping.",Neutral,Delivery
the website is deplorable.,Negative,App/Website
The package arrived subpar!,Negative,Delivery
customer service was abysmal.,Negative,Customer Service
Quality is awesome.,Positive,Product Quality
"For the cost, this is okay.",Neutral,Pricing
The product is loved.,Positive,Product Quality
Customer service was impressive.,Positive,Customer Service
The package arrived breathtaking.,Positive,Delivery
navigation is adequate.,Neutral,App/Website
The support team is trash.,Negative,Customer Service
the website is middle-of-the-road.,Neutral,App/Website
Logistics and shipping speed were adequate.,Neutral,Delivery
"App keeps crashing, wonderful experience!",Positive,App/Website
"It is too expensive, worst value!",Negative,Pricing
Quality is unbeatable.,Positive,Product Quality
Shipping was outstanding.,Positive,Delivery
"app keeps crashing, exquisite experience.",Positive,App/Website
quality is acceptable.,Neutral,Product Quality
The app is love.,Positive,App/Website
"This product is exactly what I expected, absolutely outstanding!",Positive,Product Quality
"For the cost, this is superlative.",Positive,Pricing
"For the cost, this is amazing!",Positive,Pricing
the package arrived terrible.,Negative,Delivery
The build material is revolting!,Negative,Product Quality
"they ignored my emails, lousy support.",Negative,Customer Service
Shipping was average.,Neutral,Delivery
Value for money is impressive.,Positive,Pricing
"This product is exactly what I expected, absolutely broken.",Negative,Product Quality
Value for money is cheap.,Negative,Pricing
Quality is brilliant!,Positive,Product Quality
"They ignored my emails, excellent support.",Positive,Customer Service
Logistics and shipping speed were brilliant!,Positive,Delivery
"app keeps crashing, unacceptable experience.",Negative,App/Website
"It is too expensive, breathtaking value.",Positive,Pricing
"It is too expensive, awesome value.",Positive,Pricing
i found the item to be lousy.,Negative,Product Quality
"Honestly, the product feels bland!",Neutral,Product Quality
The price is okay!,Neutral,Pricing
"they ignored my emails, magnificent support.",Positive,Customer Service
Pricing is absolutely superlative!,Positive,Pricing
Navigation is flawless.,Positive,App/Website
The build material is inadequate!,Negative,Product Quality
the build material is splendid.,Positive,Product Quality
Never buying this again.,Negative,General
Navigation is garbage!,Negative,App/Website
"app keeps crashing, acceptable experience.",Neutral,App/Website
I found the item to be trash!,Negative,Product Quality
pricing is absolutely glorious.,Positive,Pricing
The app is horrendous!,Negative,App/Website
Logistics and shipping speed were vile.,Negative,Delivery
"For the cost, this is abysmal!",Negative,Pricing
The package arrived useless.,Negative,Delivery
"Honestly, the product feels average!",Neutral,Product Quality
"Support replied immediately, unacceptable service.",Negative,Customer Service
"It is too expensive, deplorable value!",Negative,Pricing
"Honestly, the product feels defective!",Negative,Product Quality
my experience with the agent was deplorable.,Negative,Customer Service
Pricing is absolutely great.,Positive,Pricing
"App keeps crashing, repulsive experience!",Negative,App/Website
I found the item to be hate.,Negative,Product Quality
"It is too expensive, acceptable value!",Neutral,Pricing
"it took forever to arrive, perfect shipping.",Positive,Delivery
I found the item to be superlative!,Positive,Product Quality
"Support replied immediately, loved service.",Positive,Customer Service
The user interface is bad!,Negative,App/Website
"Support replied immediately, appalling service!",Negative,Customer Service
Delivery was adequate!,Neutral,Delivery
"It took forever to arrive, abysmal shipping.",Negative,Delivery
The app is splendid!,Positive,App/Website
The package arrived awful!,Negative,Delivery
the product is passable.,Neutral,Product Quality
The website is exquisite!,Positive,App/Website
quality is okay.,Neutral,Product Quality
logistics and shipping speed were acceptable.,Neutral,Delivery
Navigation is repulsive!,Negative,App/Website
The product is flawless.,Positive,Product Quality
The product is great.,Positive,Product Quality
The user interface is good!,Positive,App/Website
"It took forever to arrive, amazing shipping.",Positive,Delivery
The user interface is appalling!,Negative,App/Website
The app is awful.,Negative,App/Website
"Honestly, the product feels bad.",Negative,Product Quality
Shipping was abysmal!,Negative,Delivery
"This product is exactly what I expected, absolutely stellar.",Positive,Product Quality
"App keeps crashing, bad experience.",Negative,App/Website
my experience with the agent was awful.,Negative,Customer Service
The website is tolerable!,Neutral,App/Website
quality is adequate.,Neutral,Product Quality
"It is too expensive, good value.",Positive,Pricing
value for money is defective.,Negative,Pricing
the user interface is inadequate.,Negative,App/Website
"Support replied immediately, amazing service.",Positive,Customer Service
Value for money is awesome.,Positive,Pricing
The app is poor!,Negative,App/Website
"It is too expensive, great value.",Positive,Pricing
"App keeps crashing, wonderful experience.",Positive,App/Website
The product is vile!,Negative,Product Quality
Quality is so-so.,Neutral,Product Quality
The website is okay!,Neutral,App/Website
"App keeps crashing, useless experience!",Negative,App/Website
Logistics and shipping speed were terrible!,Negative,Delivery
"They ignored my emails, so-so support.",Neutral,Customer Service
Pricing is absolutely garbage!,Negative,Pricing
"it took forever to arrive, disgusting shipping.",Negative,Delivery
Logistics and shipping speed were useless.,Negative,Delivery
The support team is fine.,Neutral,Customer Service
The app is lousy.,Negative,App/Website
the website is defective.,Negative,App/Website
Customer service was good!,Positive,Customer Service
shipping was top-notch.,Positive,Delivery
the package arrived awesome.,Positive,Delivery
Shipping was garbage.,Negative,Delivery
Logistics and shipping speed were glorious!,Positive,Delivery
Logistics and shipping speed were awful!,Negative,Delivery
The website is unremarkable.,Neutral,App/Website
the support team is marvelous.,Positive,Customer Service
The build material is inadequate.,Negative,Product Quality
The website is inferior!,Negative,App/Website
"It is too expensive, love value!",Positive,Pricing
Delivery was unremarkable!,Neutral,Delivery
"This product is exactly what I expected, absolutely inadequate.",Negative,Product Quality
The price is perfect.,Positive,Pricing
"it took forever to arrive, okay shipping.",Neutral,Delivery
Logistics and shipping speed were adequate!,Neutral,Delivery
"It took forever to arrive, decent shipping.",Neutral,Delivery
"Support replied immediately, exquisite service!",Positive,Customer Service
"app keeps crashing, vile experience.",Negative,App/Website
"For the cost, this is outstanding.",Positive,Pricing
navigation is marvelous.,Positive,App/Website
"it is too expensive, bad value.",Negative,Pricing
Pricing is absolutely acceptable.,Neutral,Pricing
The price is loved!,Positive,Pricing
delivery was inadequate.,Negative,Delivery
My experience with the agent was excellent.,Positive,Customer Service
Pricing is absolutely disappointing!,Negative,Pricing
shipping was tolerable.,Neutral,Delivery
quality is vile.,Negative,Product Quality
the app is love.,Positive,App/Website
Customer service was fair.,Neutral,Customer Service
Shipping was wonderful.,Positive,Delivery
"Honestly, the product feels mediocre!",Neutral,Product Quality
logistics and shipping speed were standard.,Neutral,Delivery
customer service was repulsive.,Negative,Customer Service
The product is appalling.,Negative,Product Quality
The package arrived perfect.,Positive,Delivery
The website is brilliant.,Positive,App/Website
quality is good.,Positive,Product Quality
The price is first-rate.,Positive,Pricing
The price is adequate.,Neutral,Pricing
Customer service was stellar!,Positive,Customer Service
Navigation is immaculate!,Positive,App/Website
"it took forever to arrive, top-notch shipping.",Positive,Delivery
My experience with the agent was immaculate.,Positive,Customer Service
value for money is cheap.,Negative,Pricing
the product is appalling.,Negative,Product Quality
"App keeps crashing, ok experience.",Neutral,App/Website
"it is too expensive, love value.",Positive,Pricing
I found the item to be phenomenal!,Positive,Product Quality
i found the item to be unbeatable.,Positive,Product Quality
Logistics and shipping speed were average!,Neutral,Delivery
"It is too expensive, excellent value!",Positive,Pricing
Shipping was middle-of-the-road!,Neutral,Delivery
Quality is atrocious.,Negative,Product Quality
value for money is disgusting.,Negative,Pricing
The support team is fine!,Neutral,Customer Service
The build material is garbage.,Negative,Product Quality
"For the cost, this is appalling.",Negative,Pricing
Navigation is fantastic.,Positive,App/Website
the support team is brilliant.,Positive,Customer Service
The app is amazing.,Positive,App/Website
Pricing is absolutely lackluster.,Neutral,Pricing
Quality is inadequate!,Negative,Product Quality
the user interface is splendid.,Positive,App/Website
"It is too expensive, fine value!",Neutral,Pricing
The product is cheap.,Negative,Product Quality
the price is amazing.,Positive,Pricing
The build material is exceptional.,Positive,Product Quality
value for money is subpar.,Negative,Pricing
Shipping was so-so!,Neutral,Delivery
i found the item to be disgusting.,Negative,Product Quality
my experience with the agent was amazing.,Positive,Customer Service
"it is too expensive, middle-of-the-road value.",Neutral,Pricing
"they ignored my emails, first-rate support.",Positive,Customer Service
"Support replied immediately, cheap service!",Negative,Customer Service
the app is unacceptable.,Negative,App/Website
The app is stellar!,Positive,App/Website
"App keeps crashing, run-of-the-mill experience!",Neutral,App/Website
Navigation is standard.,Neutral,App/Website
The app is middle-of-the-road.,Neutral,App/Website
Logistics and shipping speed were phenomenal.,Positive,Delivery
"it is too expensive, fair value.",Neutral,Pricing
Value for money is ok.,Neutral,Pricing
The support team is wonderful.,Positive,Customer Service
Pricing is absolutely top-notch!,Positive,Pricing
"It took forever to arrive, disappointing shipping!",Negative,Delivery
pricing is absolutely defective.,Negative,Pricing
"honestly, the product feels awesome.",Positive,Product Quality
navigation is subpar.,Negative,App/Website
the app is repulsive.,Negative,App/Website
Shipping was terrible!,Negative,Delivery
"For the cost, this is average!",Neutral,Pricing
Value for money is standard!,Neutral,Pricing
"Support replied immediately, fine service.",Neutral,Customer Service
Shipping was fantastic!,Positive,Delivery
Pricing is absolutely so-so.,Neutral,Pricing
Delivery was hated!,Negative,Delivery
the support team is glorious.,Positive,Customer Service
Logistics and shipping speed were flawless.,Positive,Delivery
My experience with the agent was disgusting.,Negative,Customer Service
the user interface is vile.,Negative,App/Website
"for the cost, this is great.",Positive,Pricing
Quality is unacceptable!,Negative,Product Quality
the app is appalling.,Negative,App/Website
"it is too expensive, worst value.",Negative,Pricing
the product is breathtaking.,Positive,Product Quality
Pricing is absolutely superb.,Positive,Pricing
Navigation is unacceptable.,Negative,App/Website
"app keeps crashing, flawless experience.",Positive,App/Website
the user interface is awful.,Negative,App/Website
shipping was unacceptable.,Negative,Delivery
"it is too expensive, bland value.",Neutral,Pricing
"support replied immediately, excellent service.",Positive,Customer Service
The package arrived exquisite!,Positive,Delivery
"For the cost, this is magnificent.",Positive,Pricing
The support team is so-so!,Neutral,Customer Service
"Honestly, the product feels hated!",Negative,Product Quality
navigation is deplorable.,Negative,App/Website
The product is unacceptable.,Negative,Product Quality
Customer service was average.,Neutral,Customer Service
quality is average.,Neutral,Product Quality
i found the item to be defective.,Negative,Product Quality
I found the item to be average.,Neutral,Product Quality
The build material is unbearable!,Negative,Product Quality
The package arrived lackluster!,Neutral,Delivery
"Support replied immediately, undistinguished service!",Neutral,Customer Service
The user interface is trash!,Negative,App/Website
Shipping was glorious.,Positive,Delivery
"this product is exactly what i expected, absolutely stellar.",Positive,Product Quality
value for money is decent.,Neutral,Pricing
Delivery was worst!,Negative,Delivery
My experience with the agent was breathtaking.,Positive,Customer Service
"They ignored my emails, mediocre support.",Neutral,Customer Service
pricing is absolutely abysmal.,Negative,Pricing
"It took forever to arrive, loved shipping.",Positive,Delivery
"For the cost, this is phenomenal.",Positive,Pricing
"App keeps crashing, poor experience.",Negative,App/Website
navigation is useless.,Negative,App/Website
My experience with the agent was garbage!,Negative,Customer Service
The user interface is splendid.,Positive,App/Website
"they ignored my emails, top-notch support.",Positive,Customer Service
"App keeps crashing, superlative experience.",Positive,App/Website
Logistics and shipping speed were stellar!,Positive,Delivery
The package arrived garbage.,Negative,Delivery
"For the cost, this is disgusting!",Negative,Pricing
The user interface is abysmal!,Negative,App/Website
the product is superlative.,Positive,Product Quality
Delivery was vile.,Negative,Delivery
The price is unacceptable!,Negative,Pricing
i found the item to be adequate.,Neutral,Product Quality
I found the item to be fair.,Neutral,Product Quality
The website is so-so.,Neutral,App/Website
the package arrived deplorable.,Negative,Delivery
"Honestly, the product feels repulsive!",Negative,Product Quality
"This product is exactly what I expected, absolutely glorious.",Positive,Product Quality
Delivery was average.,Neutral,Delivery
The app is good!,Positive,App/Website
Not bad actually.,Positive,General
Value for money is great.,Positive,Pricing
The website is garbage!,Negative,App/Website
Value for money is impressive!,Positive,Pricing
The user interface is passable.,Neutral,App/Website
"this product is exactly what i expected, absolutely garbage.",Negative,Product Quality
"Support replied immediately, brilliant service!",Positive,Customer Service
"Honestly, the product feels loved!",Positive,Product Quality
value for money is adequate.,Neutral,Pricing
I found the item to be immaculate.,Positive,Product Quality
customer service was tolerable.,Neutral,Customer Service
quality is inadequate.,Negative,Product Quality
The price is appalling!,Negative,Pricing
"It took forever to arrive, brilliant shipping.",Positive,Delivery
i found the item to be standard.,Neutral,Product Quality
navigation is lackluster.,Neutral,App/Website
"app keeps crashing, perfect experience.",Positive,App/Website
"they ignored my emails, trash support.",Negative,Customer Service
Delivery was disappointing.,Negative,Delivery
shipping was magnificent.,Positive,Delivery
"app keeps crashing, amazing experience.",Positive,App/Website
Delivery was bland!,Neutral,Delivery
Value for money is subpar.,Negative,Pricing
Pricing is absolutely first-rate!,Positive,Pricing
"for the cost, this is bad.",Negative,Pricing
customer service was excellent.,Positive,Customer Service
"Honestly, the product feels excellent.",Positive,Product Quality
The website is phenomenal.,Positive,App/Website
"They ignored my emails, loved support.",Positive,Customer Service
The package arrived disappointing!,Negative,Delivery
The price is deplorable!,Negative,Pricing
"honestly, the product feels superlative.",Positive,Product Quality
"support replied immediately, deplorable service.",Negative,Customer Service
The app is abysmal!,Negative,App/Website
"It is too expensive, brilliant value!",Positive,Pricing
"It is too expensive, inadequate value.",Negative,Pricing
The package arrived okay!,Neutral,Delivery
The build material is decent!,Neutral,Product Quality
"it took forever to arrive, awful shipping.",Negative,Delivery
Value for money is exceptional.,Positive,Pricing
The user interface is top-notch.,Positive,App/Website
The support team is excellent.,Positive,Customer Service
The website is standard!,Neutral,App/Website
"they ignored my emails, breathtaking support.",Positive,Customer Service
"support replied immediately, mediocre service.",Neutral,Customer Service
I found the item to be impressive.,Positive,Product Quality
"For the cost, this is glorious.",Positive,Pricing
the user interface is unbeatable.,Positive,App/Website
"It is too expensive, vile value!",Negative,Pricing
Logistics and shipping speed were standard.,Neutral,Delivery
The app is worst.,Negative,App/Website
I found the item to be glorious!,Positive,Product Quality
"App keeps crashing, love experience.",Positive,App/Website
The price is defective.,Negative,Pricing
The website is lousy.,Negative,App/Website
Shipping was excellent.,Positive,Delivery
"For the cost, this is inadequate.",Negative,Pricing
"App keeps crashing, marvelous experience.",Positive,App/Website
Customer service was garbage.,Negative,Customer Service
my experience with the agent was lackluster.,Neutral,Customer Service
The build material is flawless.,Positive,Product Quality
"They ignored my emails, wonderful support.",Positive,Customer Service
"Honestly, the product feels vile!",Negative,Product Quality
the support team is fair.,Neutral,Customer Service
I found the item to be average!,Neutral,Product Quality
"honestly, the product feels pathetic.",Negative,Product Quality
"it took forever to arrive, bad shipping.",Negative,Delivery
"honestly, the product feels acceptable.",Neutral,Product Quality
"support replied immediately, hate service.",Negative,Customer Service
Navigation is average!,Neutral,App/Website
Customer service was revolting.,Negative,Customer Service
the user interface is cheap.,Negative,App/Website
logistics and shipping speed were inadequate.,Negative,Delivery
The user interface is undistinguished!,Neutral,App/Website
"They ignored my emails, awesome support.",Positive,Customer Service
The product is worst!,Negative,Product Quality
the build material is mediocre.,Neutral,Product Quality
"they ignored my emails, so-so support.",Neutral,Customer Service
"For the cost, this is undistinguished!",Neutral,Pricing
"For the cost, this is top-notch.",Positive,Pricing
pricing is absolutely undistinguished.,Neutral,Pricing
the product is undistinguished.,Neutral,Product Quality
The price is acceptable.,Neutral,Pricing
Pricing is absolutely unbearable.,Negative,Pricing
the website is terrible.,Negative,App/Website
the price is average.,Neutral,Pricing
"they ignored my emails, unparalleled support.",Positive,Customer Service
"It is too expensive, superb value.",Positive,Pricing
Delivery was unbearable!,Negative,Delivery
Shipping was deplorable!,Negative,Delivery
The app is ok.,Neutral,App/Website
"They ignored my emails, superlative support.",Positive,Customer Service
The price is horrendous!,Negative,Pricing
the package arrived inferior.,Negative,Delivery
The price is fine.,Neutral,Pricing
"It took forever to arrive, horrendous shipping.",Negative,Delivery
The website is inadequate!,Negative,App/Website
the app is pathetic.,Negative,App/Website
The price is impressive.,Positive,Pricing
i found the item to be run-of-the-mill.,Neutral,Product Quality
the website is unremarkable.,Neutral,App/Website
The build material is fine.,Neutral,Product Quality
The price is perfect!,Positive,Pricing
"It took forever to arrive, love shipping.",Positive,Delivery
Quality is unparalleled.,Positive,Product Quality
"This product is exactly what I expected, absolutely garbage.",Negative,Product Quality
"It took forever to arrive, trash shipping!",Negative,Delivery
the build material is pathetic.,Negative,Product Quality
pricing is absolutely awful.,Negative,Pricing
"They ignored my emails, brilliant support!",Positive,Customer Service
The app is disgusting.,Negative,App/Website
The package arrived broken!,Negative,Delivery
The product is lousy.,Negative,Product Quality
The user interface is flawless.,Positive,App/Website
Navigation is bad!,Negative,App/Website
Quality is breathtaking.,Positive,Product Quality
value for money is glorious.,Positive,Pricing
Pricing is absolutely loved.,Positive,Pricing
Navigation is ok!,Neutral,App/Website
Pricing is absolutely disgusting!,Negative,Pricing
"They ignored my emails, superb support!",Positive,Customer Service
"it is too expensive, awful value.",Negative,Pricing
the user interface is garbage.,Negative,App/Website
quality is unbeatable.,Positive,Product Quality
The support team is phenomenal.,Positive,Customer Service
"It is too expensive, so-so value!",Neutral,Pricing
The app is flawless!,Positive,App/Website
The build material is decent.,Neutral,Product Quality
The website is pathetic.,Negative,App/Website
Shipping was exceptional.,Positive,Delivery
value for money is okay.,Neutral,Pricing
Customer service was average!,Neutral,Customer Service
the app is bland.,Neutral,App/Website
The user interface is unbearable!,Negative,App/Website
The build material is subpar!,Negative,Product Quality
Quality is deplorable!,Negative,Product Quality
"For the cost, this is lackluster.",Neutral,Pricing
Pricing is absolutely marvelous!,Positive,Pricing
the product is inadequate.,Negative,Product Quality
the support team is terrible.,Negative,Customer Service
Shipping was okay!,Neutral,Delivery
"App keeps crashing, magnificent experience.",Positive,App/Website
Delivery was pathetic.,Negative,Delivery
The support team is magnificent.,Positive,Customer Service
the app is outstanding.,Positive,App/Website
Pricing is absolutely undistinguished.,Neutral,Pricing
Customer service was exceptional.,Positive,Customer Service
The support team is deplorable!,Negative,Customer Service
"It took forever to arrive, broken shipping.",Negative,Delivery
My experience with the agent was disgusting!,Negative,Customer Service
"App keeps crashing, perfect experience!",Positive,App/Website
the app is undistinguished.,Neutral,App/Website
quality is terrible.,Negative,Product Quality
The product is phenomenal.,Positive,Product Quality
The app is amazing!,Positive,App/Website
"For the cost, this is brilliant!",Positive,Pricing
the price is poor.,Negative,Pricing
Quality is top-notch.,Positive,Product Quality
Customer service was bad!,Negative,Customer Service
the product is unbearable.,Negative,Product Quality
"support replied immediately, stellar service.",Positive,Customer Service
"Honestly, the product feels terrible!",Negative,Product Quality
"Support replied immediately, lackluster service!",Neutral,Customer Service
"They ignored my emails, cheap support.",Negative,Customer Service
"Support replied immediately, average service!",Neutral,Customer Service
The app is bad.,Negative,App/Website
"For the cost, this is worst!",Negative,Pricing
The package arrived glorious.,Positive,Delivery
Shipping was love!,Positive,Delivery
The price is run-of-the-mill!,Neutral,Pricing
The app is first-rate!,Positive,App/Website
Customer service was flawless.,Positive,Customer Service
"they ignored my emails, fantastic support.",Positive,Customer Service
quality is repulsive.,Negative,Product Quality
My experience with the agent was useless!,Negative,Customer Service
"honestly, the product feels impressive.",Positive,Product Quality
The user interface is immaculate.,Positive,App/Website
Logistics and shipping speed were splendid.,Positive,Delivery
logistics and shipping speed were appalling.,Negative,Delivery
Quality is trash!,Negative,Product Quality
the product is amazing.,Positive,Product Quality
"App keeps crashing, glorious experience!",Positive,App/Website
"Support replied immediately, ok service!",Neutral,Customer Service
Navigation is subpar.,Negative,App/Website
The website is unbearable.,Negative,App/Website
Shipping was undistinguished!,Neutral,Delivery
the price is excellent.,Positive,Pricing
the package arrived wonderful.,Positive,Delivery
The product is revolting!,Negative,Product Quality
The build material is disappointing!,Negative,Product Quality
"It is too expensive, good value!",Positive,Pricing
"This product is exactly what I expected, absolutely terrible!",Negative,Product Quality
My experience with the agent was immaculate!,Positive,Customer Service
"App keeps crashing, outstanding experience.",Positive,App/Website
Delivery was superb.,Positive,Delivery
"It is too expensive, terrible value!",Negative,Pricing
My experience with the agent was lousy.,Negative,Customer Service
the price is horrible.,Negative,Pricing
The website is excellent!,Positive,App/Website
Logistics and shipping speed were perfect!,Positive,Delivery
pricing is absolutely exceptional.,Positive,Pricing
The website is unacceptable!,Negative,App/Website
"This product is exactly what I expected, absolutely unparalleled!",Positive,Product Quality
"support replied immediately, marvelous service.",Positive,Customer Service
"It is too expensive, broken value.",Negative,Pricing
Logistics and shipping speed were okay!,Neutral,Delivery
"This product is exactly what I expected, absolutely awful.",Negative,Product Quality
The support team is broken.,Negative,Customer Service
"this product is exactly what i expected, absolutely fine.",Neutral,Product Quality
my experience with the agent was splendid.,Positive,Customer Service
The build material is trash!,Negative,Product Quality
The website is bland!,Neutral,App/Website
Pricing is absolutely phenomenal.,Positive,Pricing
Navigation is exquisite!,Positive,App/Website
"app keeps crashing, excellent experience.",Positive,App/Website
"this product is exactly what i expected, absolutely subpar.",Negative,Product Quality
The product is repulsive!,Negative,Product Quality
Navigation is fair.,Neutral,App/Website
Delivery was fair.,Neutral,Delivery
"support replied immediately, exceptional service.",Positive,Customer Service
Logistics and shipping speed were horrendous!,Negative,Delivery
Shipping was excellent!,Positive,Delivery
shipping was unremarkable.,Neutral,Delivery
"It is too expensive, vile value.",Negative,Pricing
"Honestly, the product feels superlative.",Positive,Product Quality
value for money is abysmal.,Negative,Pricing
I found the item to be terrible!,Negative,Product Quality
the app is mediocre.,Neutral,App/Website
The user interface is awful.,Negative,App/Website
quality is defective.,Negative,Product Quality
Customer service was ok.,Neutral,Customer Service
"app keeps crashing, phenomenal experience.",Positive,App/Website
Pricing is absolutely perfect!,Positive,Pricing
customer service was marvelous.,Positive,Customer Service
Customer service was wonderful.,Positive,Customer Service
The app is unbeatable!,Positive,App/Website
Logistics and shipping speed were magnificent.,Positive,Delivery
the build material is exceptional.,Positive,Product Quality
Customer service was love!,Positive,Customer Service
"this product is exactly what i expected, absolutely adequate.",Neutral,Product Quality
The support team is amazing.,Positive,Customer Service
"This product is exactly what I expected, absolutely exceptional!",Positive,Product Quality
the app is good.,Positive,App/Website
"Support replied immediately, horrible service!",Negative,Customer Service
i found the item to be amazing.,Positive,Product Quality
"It took forever to arrive, bland shipping!",Neutral,Delivery
Navigation is tolerable!,Neutral,App/Website
"it took forever to arrive, horrible shipping.",Negative,Delivery
"It is too expensive, adequate value!",Neutral,Pricing
The website is unbeatable!,Positive,App/Website
value for money is amazing.,Positive,Pricing
"support replied immediately, lackluster service.",Neutral,Customer Service
The website is unacceptable.,Negative,App/Website
The build material is acceptable!,Neutral,Product Quality
Value for money is fine!,Neutral,Pricing
The price is first-rate!,Positive,Pricing
"They ignored my emails, glorious support!",Positive,Customer Service
shipping was middle-of-the-road.,Neutral,Delivery
"Honestly, the product feels top-notch.",Positive,Product Quality
I found the item to be unparalleled!,Positive,Product Quality
i found the item to be useless.,Negative,Product Quality
"App keeps crashing, trash experience.",Negative,App/Website
Value for money is lousy!,Negative,Pricing
customer service was revolting.,Negative,Customer Service
"They ignored my emails, fine support.",Neutral,Customer Service
Delivery was unacceptable!,Negative,Delivery
Customer service was wonderful!,Positive,Customer Service
the package arrived inadequate.,Negative,Delivery
customer service was immaculate.,Positive,Customer Service
The support team is mediocre.,Neutral,Customer Service
The support team is atrocious!,Negative,Customer Service
the build material is ok.,Neutral,Product Quality
the product is useless.,Negative,Product Quality
the support team is abysmal.,Negative,Customer Service
Pricing is absolutely average!,Neutral,Pricing
Navigation is worst!,Negative,App/Website
i found the item to be fair.,Neutral,Product Quality
"Honestly, the product feels standard.",Neutral,Product Quality
The user interface is loved.,Positive,App/Website
"For the cost, this is bad.",Negative,Pricing
I found the item to be appalling!,Negative,Product Quality
The website is mediocre.,Neutral,App/Website
"This product is exactly what I expected, absolutely superb!",Positive,Product Quality
"Support replied immediately, awesome service.",Positive,Customer Service
"It is too expensive, top-notch value!",Positive,Pricing
"this product is exactly what i expected, absolutely excellent.",Positive,Product Quality
Logistics and shipping speed were revolting!,Negative,Delivery
The website is awful!,Negative,App/Website
Delivery was passable.,Neutral,Delivery
"they ignored my emails, adequate support.",Neutral,Customer Service
"App keeps crashing, decent experience.",Neutral,App/Website
shipping was outstanding.,Positive,Delivery
"For the cost, this is poor.",Negative,Pricing
The product is trash.,Negative,Product Quality
"This product is exactly what I expected, absolutely acceptable.",Neutral,Product Quality
logistics and shipping speed were first-rate.,Positive,Delivery
The user interface is brilliant!,Positive,App/Website
The price is lackluster.,Neutral,Pricing
"It took forever to arrive, ok shipping!",Neutral,Delivery
The price is subpar.,Negative,Pricing
The user interface is unparalleled!,Positive,App/Website
"It is too expensive, horrendous value!",Negative,Pricing
The website is run-of-the-mill.,Neutral,App/Website
the package arrived great.,Positive,Delivery
"support replied immediately, inferior service.",Negative,Customer Service
"For the cost, this is useless!",Negative,Pricing
The website is superb.,Positive,App/Website
"It took forever to arrive, exceptional shipping.",Positive,Delivery
the build material is deplorable.,Negative,Product Quality
Logistics and shipping speed were run-of-the-mill.,Neutral,Delivery
The package arrived terrible!,Negative,Delivery
Quality is unremarkable.,Neutral,Product Quality
"They ignored my emails, run-of-the-mill support!",Neutral,Customer Service
The support team is average!,Neutral,Customer Service
the package arrived poor.,Negative,Delivery
The price is outstanding.,Positive,Pricing
"support replied immediately, glorious service.",Positive,Customer Service
"App keeps crashing, love experience!",Positive,App/Website
The build material is poor.,Negative,Product Quality
Logistics and shipping speed were trash!,Negative,Delivery
delivery was average.,Neutral,Delivery
The package arrived superlative.,Positive,Delivery
logistics and shipping speed were atrocious.,Negative,Delivery
"Support replied immediately, wonderful service.",Positive,Customer Service
The website is terrible!,Negative,App/Website
Customer service was phenomenal!,Positive,Customer Service
Quality is outstanding.,Positive,Product Quality
"For the cost, this is superb.",Positive,Pricing
the website is impressive.,Positive,App/Website
"support replied immediately, atrocious service.",Negative,Customer Service
i found the item to be okay.,Neutral,Product Quality
"They ignored my emails, fantastic support!",Positive,Customer Service
the support team is great.,Positive,Customer Service
The website is disappointing.,Negative,App/Website
Value for money is garbage.,Negative,Pricing
The app is unparalleled.,Positive,App/Website
I found the item to be exceptional.,Positive,Product Quality
the website is repulsive.,Negative,App/Website
The package arrived so-so!,Neutral,Delivery
Logistics and shipping speed were tolerable!,Neutral,Delivery
the price is pathetic.,Negative,Pricing
Customer service was first-rate!,Positive,Customer Service
"Support replied immediately, glorious service!",Positive,Customer Service
"It took forever to arrive, superlative shipping.",Positive,Delivery
Customer service was deplorable.,Negative,Customer Service
the app is worst.,Negative,App/Website
customer service was amazing.,Positive,Customer Service
The user interface is horrible!,Negative,App/Website
The price is standard.,Neutral,Pricing
Value for money is acceptable!,Neutral,Pricing
The package arrived garbage!,Negative,Delivery
I found the item to be lackluster!,Neutral,Product Quality
"it is too expensive, unremarkable value.",Neutral,Pricing
Delivery was cheap.,Negative,Delivery
"It is too expensive, immaculate value.",Positive,Pricing
the price is deplorable.,Negative,Pricing
"Honestly, the product feels run-of-the-mill.",Neutral,Product Quality
"Honestly, the product feels broken.",Negative,Product Quality
"it is too expensive, splendid value.",Positive,Pricing
the build material is dreadful.,Negative,Product Quality
"They ignored my emails, revolting support.",Negative,Customer Service
Value for money is okay.,Neutral,Pricing
the support team is excellent.,Positive,Customer Service
Pricing is absolutely terrible!,Negative,Pricing
delivery was flawless.,Positive,Delivery
"They ignored my emails, subpar support.",Negative,Customer Service
Navigation is unremarkable.,Neutral,App/Website
the support team is amazing.,Positive,Customer Service
"they ignored my emails, dreadful support.",Negative,Customer Service
"Honestly, the product feels adequate!",Neutral,Product Quality
The package arrived pathetic!,Negative,Delivery
"App keeps crashing, awful experience.",Negative,App/Website
"app keeps crashing, magnificent experience.",Positive,App/Website
The app is useless!,Negative,App/Website
my experience with the agent was broken.,Negative,Customer Service
"For the cost, this is vile.",Negative,Pricing
Navigation is outstanding!,Positive,App/Website
The price is pathetic.,Negative,Pricing
The app is breathtaking.,Positive,App/Website
"it took forever to arrive, superb shipping.",Positive,Delivery
Value for money is run-of-the-mill!,Neutral,Pricing
"They ignored my emails, superb support.",Positive,Customer Service
The price is undistinguished!,Neutral,Pricing
Customer service was amazing.,Positive,Customer Service
The price is excellent.,Positive,Pricing
"This product is exactly what I expected, absolutely horrendous!",Negative,Product Quality
Quality is horrendous.,Negative,Product Quality
the app is excellent.,Positive,App/Website
"This product is exactly what I expected, absolutely useless.",Negative,Product Quality
The website is loved.,Positive,App/Website
"Honestly, the product feels acceptable.",Neutral,Product Quality
"App keeps crashing, immaculate experience.",Positive,App/Website
"it is too expensive, unparalleled value.",Positive,Pricing
the website is passable.,Neutral,App/Website
"for the cost, this is superb.",Positive,Pricing
"They ignored my emails, exceptional support.",Positive,Customer Service
The app is tolerable!,Neutral,App/Website
Navigation is brilliant.,Positive,App/Website
Delivery was fair!,Neutral,Delivery
"app keeps crashing, horrendous experience.",Negative,App/Website
logistics and shipping speed were tolerable.,Neutral,Delivery
"app keeps crashing, decent experience.",Neutral,App/Website
"Support replied immediately, outstanding service!",Positive,Customer Service
Delivery was defective.,Negative,Delivery
customer service was splendid.,Positive,Customer Service
The user interface is outstanding.,Positive,App/Website
the package arrived mediocre.,Neutral,Delivery
The price is subpar!,Negative,Pricing
"they ignored my emails, decent support.",Neutral,Customer Service
value for money is immaculate.,Positive,Pricing
"Support replied immediately, fair service!",Neutral,Customer Service
"It is too expensive, deplorable value.",Negative,Pricing
The website is wonderful.,Positive,App/Website
Delivery was top-notch!,Positive,Delivery
Pricing is absolutely glorious!,Positive,Pricing
the app is tolerable.,Neutral,App/Website
Logistics and shipping speed were superb!,Positive,Delivery
the support team is passable.,Neutral,Customer Service
Navigation is lousy!,Negative,App/Website
"It is too expensive, undistinguished value.",Neutral,Pricing
"It is too expensive, stellar value.",Positive,Pricing
"Support replied immediately, okay service.",Neutral,Customer Service
Delivery was brilliant!,Positive,Delivery
"they ignored my emails, marvelous support.",Positive,Customer Service
Logistics and shipping speed were breathtaking.,Positive,Delivery
Logistics and shipping speed were appalling!,Negative,Delivery
"honestly, the product feels outstanding.",Positive,Product Quality
"This product is exactly what I expected, absolutely revolting!",Negative,Product Quality
The user interface is disgusting.,Negative,App/Website
"for the cost, this is wonderful.",Positive,Pricing
"for the cost, this is fine.",Neutral,Pricing
"support replied immediately, so-so service.",Neutral,Customer Service
I found the item to be disgusting!,Negative,Product Quality
The package arrived stellar.,Positive,Delivery
The price is deplorable.,Negative,Pricing
Quality is great!,Positive,Product Quality
"It took forever to arrive, superb shipping!",Positive,Delivery
my experience with the agent was flawless.,Positive,Customer Service
"It took forever to arrive, fair shipping.",Neutral,Delivery
"It took forever to arrive, unbearable shipping!",Negative,Delivery
"Support replied immediately, magnificent service.",Positive,Customer Service
customer service was deplorable.,Negative,Customer Service
Shipping was splendid.,Positive,Delivery
delivery was amazing.,Positive,Delivery
Logistics and shipping speed were first-rate!,Positive,Delivery
customer service was great.,Positive,Customer Service
shipping was flawless.,Positive,Delivery
shipping was immaculate.,Positive,Delivery
The website is middle-of-the-road!,Neutral,App/Website
Pricing is absolutely disappointing.,Negative,Pricing
"App keeps crashing, amazing experience!",Positive,App/Website
"It took forever to arrive, lackluster shipping!",Neutral,Delivery
"They ignored my emails, disgusting support.",Negative,Customer Service
customer service was hated.,Negative,Customer Service
The product is magnificent!,Positive,Product Quality
"support replied immediately, appalling service.",Negative,Customer Service
the user interface is love.,Positive,App/Website
The app is loved.,Positive,App/Website
"For the cost, this is garbage.",Negative,Pricing
"app keeps crashing, bad experience.",Negative,App/Website
The user interface is tolerable.,Neutral,App/Website
"it took forever to arrive, garbage shipping.",Negative,Delivery
"This product is exactly what I expected, absolutely vile!",Negative,Product Quality
Delivery was average!,Neutral,Delivery
"for the cost, this is garbage.",Negative,Pricing
delivery was unbeatable.,Positive,Delivery
"App keeps crashing, dreadful experience!",Negative,App/Website
The price is lackluster!,Neutral,Pricing
shipping was unbearable.,Negative,Delivery
Quality is fair!,Neutral,Product Quality
"They ignored my emails, decent support!",Neutral,Customer Service
"they ignored my emails, unremarkable support.",Neutral,Customer Service
The build material is terrible!,Negative,Product Quality
The build material is bland!,Neutral,Product Quality
The app is hated.,Negative,App/Website
"it took forever to arrive, cheap shipping.",Negative,Delivery
"they ignored my emails, phenomenal support.",Positive,Customer Service
Shipping was great.,Positive,Delivery
quality is amazing.,Positive,Product Quality
pricing is absolutely unparalleled.,Positive,Pricing
"it is too expensive, unbearable value.",Negative,Pricing
Navigation is perfect.,Positive,App/Website
The user interface is unbeatable!,Positive,App/Website
i found the item to be poor.,Negative,Product Quality
navigation is middle-of-the-road.,Neutral,App/Website
the website is awesome.,Positive,App/Website
the app is poor.,Negative,App/Website
the price is immaculate.,Positive,Pricing
"it took forever to arrive, fine shipping.",Neutral,Delivery
"It is too expensive, dreadful value.",Negative,Pricing
quality is love.,Positive,Product Quality
Delivery was superb!,Positive,Delivery
Quality is abysmal.,Negative,Product Quality
The app is phenomenal.,Positive,App/Website
the app is revolting.,Negative,App/Website
Logistics and shipping speed were run-of-the-mill!,Neutral,Delivery
"It took forever to arrive, exquisite shipping.",Positive,Delivery
The user interface is appalling.,Negative,App/Website
the user interface is flawless.,Positive,App/Website
the support team is breathtaking.,Positive,Customer Service
Shipping was awesome!,Positive,Delivery
"Support replied immediately, horrendous service.",Negative,Customer Service
shipping was good.,Positive,Delivery
"it is too expensive, inadequate value.",Negative,Pricing
"It took forever to arrive, garbage shipping!",Negative,Delivery
Pricing is absolutely breathtaking!,Positive,Pricing
The build material is bad.,Negative,Product Quality
the support team is horrendous.,Negative,Customer Service
"support replied immediately, unremarkable service.",Neutral,Customer Service
Logistics and shipping speed were passable.,Neutral,Delivery
Delivery was unbearable.,Negative,Delivery
"For the cost, this is stellar.",Positive,Pricing
Delivery was love!,Positive,Delivery
The support team is undistinguished!,Neutral,Customer Service
"App keeps crashing, amazing experience.",Positive,App/Website
pricing is absolutely atrocious.,Negative,Pricing
The user interface is so-so.,Neutral,App/Website
the build material is awesome.,Positive,Product Quality
The build material is trash.,Negative,Product Quality
"app keeps crashing, wonderful experience.",Positive,App/Website
"For the cost, this is hate!",Negative,Pricing
The website is pathetic!,Negative,App/Website
Quality is poor.,Negative,Product Quality
"It took forever to arrive, breathtaking shipping.",Positive,Delivery
delivery was love.,Positive,Delivery
Navigation is unbeatable!,Positive,App/Website
Customer service was subpar!,Negative,Customer Service
My experience with the agent was unacceptable!,Negative,Customer Service
"it is too expensive, decent value.",Neutral,Pricing
Pricing is absolutely awesome!,Positive,Pricing
The website is broken!,Negative,App/Website
Pricing is absolutely unbearable!,Negative,Pricing
"It took forever to arrive, top-notch shipping.",Positive,Delivery
"it is too expensive, undistinguished value.",Neutral,Pricing
I found the item to be revolting.,Negative,Product Quality
Value for money is broken!,Negative,Pricing
"Support replied immediately, glorious service.",Positive,Customer Service
the user interface is disappointing.,Negative,App/Website
the user interface is repulsive.,Negative,App/Website
The price is breathtaking.,Positive,Pricing
pricing is absolutely fine.,Neutral,Pricing
The app is impressive.,Positive,App/Website
"this product is exactly what i expected, absolutely unbeatable.",Positive,Product Quality
The price is terrible!,Negative,Pricing
Delivery was run-of-the-mill!,Neutral,Delivery
"App keeps crashing, passable experience.",Neutral,App/Website
"it took forever to arrive, run-of-the-mill shipping.",Neutral,Delivery
the package arrived subpar.,Negative,Delivery
logistics and shipping speed were hate.,Negative,Delivery
"Support replied immediately, abysmal service!",Negative,Customer Service
"this product is exactly what i expected, absolutely great.",Positive,Product Quality
The user interface is superb!,Positive,App/Website
Shipping was exquisite.,Positive,Delivery
"This product is exactly what I expected, absolutely fair.",Neutral,Product Quality
my experience with the agent was disgusting.,Negative,Customer Service
the build material is fair.,Neutral,Product Quality
Delivery was hate.,Negative,Delivery
navigation is unparalleled.,Positive,App/Website
"It is too expensive, wonderful value.",Positive,Pricing
Delivery was glorious.,Positive,Delivery
I found the item to be garbage.,Negative,Product Quality
the product is superb.,Positive,Product Quality
The website is unparalleled!,Positive,App/Website
"For the cost, this is impressive.",Positive,Pricing
The support team is exceptional.,Positive,Customer Service
navigation is worst.,Negative,App/Website
"this product is exactly what i expected, absolutely disappointing.",Negative,Product Quality
"It took forever to arrive, outstanding shipping!",Positive,Delivery
"honestly, the product feels standard.",Neutral,Product Quality
I found the item to be dreadful!,Negative,Product Quality
logistics and shipping speed were inferior.,Negative,Delivery
"App keeps crashing, first-rate experience.",Positive,App/Website
"honestly, the product feels excellent.",Positive,Product Quality
Delivery was first-rate!,Positive,Delivery
The product is unbeatable.,Positive,Product Quality
"It took forever to arrive, top-notch shipping!",Positive,Delivery
the price is love.,Positive,Pricing
The package arrived disgusting.,Negative,Delivery
The user interface is awful!,Negative,App/Website
The build material is good.,Positive,Product Quality
I found the item to be hated!,Negative,Product Quality
"Honestly, the product feels good.",Positive,Product Quality
Quality is wonderful!,Positive,Product Quality
Quality is appalling!,Negative,Product Quality
Navigation is disgusting.,Negative,App/Website
Shipping was hated.,Negative,Delivery
"It took forever to arrive, inadequate shipping.",Negative,Delivery
The app is subpar!,Negative,App/Website
"Honestly, the product feels vile.",Negative,Product Quality
quality is atrocious.,Negative,Product Quality
"It took forever to arrive, flawless shipping.",Positive,Delivery
Quality is exquisite.,Positive,Product Quality
quality is mediocre.,Neutral,Product Quality
Customer service was magnificent.,Positive,Customer Service
The package arrived ok!,Neutral,Delivery
"App keeps crashing, great experience.",Positive,App/Website
The user interface is ok!,Neutral,App/Website
"App keeps crashing, impressive experience.",Positive,App/Website
The support team is wonderful!,Positive,Customer Service
"App keeps crashing, acceptable experience.",Neutral,App/Website
"App keeps crashing, impressive experience!",Positive,App/Website
Delivery was useless!,Negative,Delivery
The user interface is okay!,Neutral,App/Website
Navigation is terrible!,Negative,App/Website
Logistics and shipping speed were decent.,Neutral,Delivery
Navigation is worst.,Negative,App/Website
the price is decent.,Neutral,Pricing
Delivery was inadequate.,Negative,Delivery
the price is unbearable.,Negative,Pricing
the package arrived worst.,Negative,Delivery
Customer service was inadequate!,Negative,Customer Service
The package arrived adequate.,Neutral,Delivery
My experience with the agent was magnificent!,Positive,Customer Service
Quality is worst.,Negative,Product Quality
The user interface is hated.,Negative,App/Website
Value for money is decent.,Neutral,Pricing
Pricing is absolutely standard!,Neutral,Pricing
Navigation is inferior!,Negative,App/Website
Navigation is bad.,Negative,App/Website
customer service was passable.,Neutral,Customer Service
The website is decent.,Neutral,App/Website
the support team is exquisite.,Positive,Customer Service
Value for money is deplorable!,Negative,Pricing
the price is repulsive.,Negative,Pricing
"Support replied immediately, cheap service.",Negative,Customer Service
Pricing is absolutely stellar!,Positive,Pricing
The website is superb!,Positive,App/Website
The product is so-so!,Neutral,Product Quality
"Honestly, the product feels poor!",Negative,Product Quality
logistics and shipping speed were worst.,Negative,Delivery
The support team is disappointing!,Negative,Customer Service
The user interface is excellent!,Positive,App/Website
"For the cost, this is repulsive.",Negative,Pricing
"It is too expensive, loved value!",Positive,Pricing
"honestly, the product feels stellar.",Positive,Product Quality
"For the cost, this is breathtaking!",Positive,Pricing
the user interface is marvelous.,Positive,App/Website
Delivery was defective!,Negative,Delivery
Navigation is appalling!,Negative,App/Website
"app keeps crashing, marvelous experience.",Positive,App/Website
My experience with the agent was splendid!,Positive,Customer Service
"Honestly, the product feels marvelous!",Positive,Product Quality
"Honestly, the product feels exceptional.",Positive,Product Quality
"it is too expensive, disappointing value.",Negative,Pricing
Customer service was trash!,Negative,Customer Service
The website is fine.,Neutral,App/Website
"This product is exactly what I expected, absolutely decent!",Neutral,Product Quality
the product is deplorable.,Negative,Product Quality
The user interface is love!,Positive,App/Website
"App keeps crashing, disappointing experience.",Negative,App/Website
My experience with the agent was splendid.,Positive,Customer Service
I found the item to be adequate.,Neutral,Product Quality
"It is too expensive, bad value.",Negative,Pricing
The price is marvelous!,Positive,Pricing
"it is too expensive, superlative value.",Positive,Pricing
The support team is superb.,Positive,Customer Service
the user interface is lousy.,Negative,App/Website
The user interface is stellar.,Positive,App/Website
"it is too expensive, great value.",Positive,Pricing
"This product is exactly what I expected, absolutely excellent.",Positive,Product Quality
delivery was lackluster.,Neutral,Delivery
"app keeps crashing, fair experience.",Neutral,App/Website
i found the item to be brilliant.,Positive,Product Quality
"This product is exactly what I expected, absolutely perfect!",Positive,Product Quality
Quality is stellar.,Positive,Product Quality
The user interface is exquisite!,Positive,App/Website
"app keeps crashing, lousy experience.",Negative,App/Website
Value for money is superlative!,Positive,Pricing
"Honestly, the product feels pathetic.",Negative,Product Quality
the website is inadequate.,Negative,App/Website
logistics and shipping speed were run-of-the-mill.,Neutral,Delivery
The package arrived hate!,Negative,Delivery
"They ignored my emails, splendid support!",Positive,Customer Service
logistics and shipping speed were lackluster.,Neutral,Delivery
I found the item to be inadequate!,Negative,Product Quality
pricing is absolutely mediocre.,Neutral,Pricing
Customer service was middle-of-the-road!,Neutral,Customer Service
The product is undistinguished.,Neutral,Product Quality
The build material is unbeatable!,Positive,Product Quality
"It took forever to arrive, deplorable shipping!",Negative,Delivery
The support team is bland!,Neutral,Customer Service
the package arrived first-rate.,Positive,Delivery
Delivery was worst.,Negative,Delivery
the app is broken.,Negative,App/Website
The product is defective.,Negative,Product Quality
"For the cost, this is standard!",Neutral,Pricing
logistics and shipping speed were horrible.,Negative,Delivery
My experience with the agent was adequate!,Neutral,Customer Service
the user interface is outstanding.,Positive,App/Website
"App keeps crashing, appalling experience!",Negative,App/Website
Quality is useless!,Negative,Product Quality
Delivery was unacceptable.,Negative,Delivery
The website is magnificent.,Positive,App/Website
"Support replied immediately, passable service.",Neutral,Customer Service
my experience with the agent was immaculate.,Positive,Customer Service
Logistics and shipping speed were outstanding.,Positive,Delivery
value for money is fine.,Neutral,Pricing
shipping was inferior.,Negative,Delivery
"It is too expensive, average value.",Neutral,Pricing
quality is appalling.,Negative,Product Quality
The price is undistinguished.,Neutral,Pricing
"it took forever to arrive, glorious shipping.",Positive,Delivery
the package arrived glorious.,Positive,Delivery
"This product is exactly what I expected, absolutely stellar!",Positive,Product Quality
"This product is exactly what I expected, absolutely first-rate.",Positive,Product Quality
"For the cost, this is exquisite.",Positive,Pricing
"Support replied immediately, unbearable service!",Negative,Customer Service
"This product is exactly what I expected, absolutely fantastic!",Positive,Product Quality
the website is bland.,Neutral,App/Website
"app keeps crashing, lackluster experience.",Neutral,App/Website
Quality is immaculate.,Positive,Product Quality
"Support replied immediately, undistinguished service.",Neutral,Customer Service
I found the item to be magnificent.,Positive,Product Quality
shipping was undistinguished.,Neutral,Delivery
the support team is defective.,Negative,Customer Service
quality is undistinguished.,Neutral,Product Quality
Shipping was lousy!,Negative,Delivery
"This product is exactly what I expected, absolutely love!",Positive,Product Quality
Value for money is unremarkable.,Neutral,Pricing
Logistics and shipping speed were bad!,Negative,Delivery
Delivery was lousy.,Negative,Delivery
Navigation is flawless!,Positive,App/Website
The product is unparalleled!,Positive,Product Quality
Shipping was revolting.,Negative,Delivery
"support replied immediately, subpar service.",Negative,Customer Service
"support replied immediately, impressive service.",Positive,Customer Service
Delivery was phenomenal!,Positive,Delivery
"For the cost, this is deplorable!",Negative,Pricing
Navigation is horrible!,Negative,App/Website
The package arrived passable.,Neutral,Delivery
Customer service was inferior!,Negative,Customer Service
"they ignored my emails, fine support.",Neutral,Customer Service
The build material is terrible.,Negative,Product Quality
"It took forever to arrive, mediocre shipping.",Neutral,Delivery
"support replied immediately, cheap service.",Negative,Customer Service
"Support replied immediately, love service.",Positive,Customer Service
The price is atrocious!,Negative,Pricing
Customer service was vile.,Negative,Customer Service
Value for money is worst.,Negative,Pricing
The product is top-notch.,Positive,Product Quality
customer service was defective.,Negative,Customer Service
The user interface is unbeatable.,Positive,App/Website
navigation is so-so.,Neutral,App/Website
the user interface is unacceptable.,Negative,App/Website
The price is passable.,Neutral,Pricing
value for money is average.,Neutral,Pricing
My experience with the agent was stellar!,Positive,Customer Service
"It is too expensive, fair value!",Neutral,Pricing
"they ignored my emails, appalling support.",Negative,Customer Service
My experience with the agent was breathtaking!,Positive,Customer Service
"App keeps crashing, brilliant experience!",Positive,App/Website
My experience with the agent was acceptable.,Neutral,Customer Service
The price is trash.,Negative,Pricing
"for the cost, this is broken.",Negative,Pricing
The user interface is terrible.,Negative,App/Website
The support team is standard.,Neutral,Customer Service
Navigation is adequate!,Neutral,App/Website
the package arrived hate.,Negative,Delivery
"it is too expensive, lackluster value.",Neutral,Pricing
"for the cost, this is standard.",Neutral,Pricing
the user interface is perfect.,Positive,App/Website
"this product is exactly what i expected, absolutely glorious.",Positive,Product Quality
"This product is exactly what I expected, absolutely wonderful!",Positive,Product Quality
The user interface is pathetic!,Negative,App/Website
Pricing is absolutely bland.,Neutral,Pricing
the user interface is top-notch.,Positive,App/Website
I found the item to be good!,Positive,Product Quality
The build material is hate!,Negative,Product Quality
The price is unremarkable!,Neutral,Pricing
"for the cost, this is poor.",Negative,Pricing
the website is unbeatable.,Positive,App/Website
"App keeps crashing, inadequate experience.",Negative,App/Website
shipping was terrible.,Negative,Delivery
the app is magnificent.,Positive,App/Website
the price is flawless.,Positive,Pricing
my experience with the agent was middle-of-the-road.,Neutral,Customer Service
pricing is absolutely magnificent.,Positive,Pricing
"support replied immediately, unbearable service.",Negative,Customer Service
My experience with the agent was superb!,Positive,Customer Service
The app is run-of-the-mill!,Neutral,App/Website
"it took forever to arrive, appalling shipping.",Negative,Delivery
The app is middle-of-the-road!,Neutral,App/Website
Value for money is magnificent.,Positive,Pricing
The user interface is fair!,Neutral,App/Website
"it is too expensive, adequate value.",Neutral,Pricing
The product is poor.,Negative,Product Quality
I found the item to be bad.,Negative,Product Quality
"It is too expensive, passable value!",Neutral,Pricing
"Honestly, the product feels good!",Positive,Product Quality
i found the item to be exceptional.,Positive,Product Quality
Delivery was ok.,Neutral,Delivery
the app is fair.,Neutral,App/Website
"app keeps crashing, average experience.",Neutral,App/Website
The website is brilliant!,Positive,App/Website
The support team is inadequate.,Negative,Customer Service
"They ignored my emails, great support.",Positive,Customer Service
I found the item to be so-so.,Neutral,Product Quality
"app keeps crashing, awesome experience.",Positive,App/Website
Logistics and shipping speed were dreadful!,Negative,Delivery
the support team is average.,Neutral,Customer Service
Pricing is absolutely exquisite.,Positive,Pricing
value for money is flawless.,Positive,Pricing
The support team is poor!,Negative,Customer Service
"app keeps crashing, trash experience.",Negative,App/Website
the website is glorious.,Positive,App/Website
My experience with the agent was love!,Positive,Customer Service
The price is breathtaking!,Positive,Pricing
Navigation is okay!,Neutral,App/Website
The support team is acceptable.,Neutral,Customer Service
the product is tolerable.,Neutral,Product Quality
"support replied immediately, vile service.",Negative,Customer Service
"Support replied immediately, excellent service.",Positive,Customer Service
"It took forever to arrive, immaculate shipping!",Positive,Delivery
"It took forever to arrive, wonderful shipping!",Positive,Delivery
Navigation is top-notch.,Positive,App/Website
"For the cost, this is flawless.",Positive,Pricing
The app is so-so!,Neutral,App/Website
"This product is exactly what I expected, absolutely phenomenal.",Positive,Product Quality
"Support replied immediately, exceptional service.",Positive,Customer Service
shipping was inadequate.,Negative,Delivery
The package arrived excellent.,Positive,Delivery
The user interface is middle-of-the-road!,Neutral,App/Website
Navigation is splendid.,Positive,App/Website
"Honestly, the product feels amazing.",Positive,Product Quality
The app is splendid.,Positive,App/Website
The support team is magnificent!,Positive,Customer Service
quality is middle-of-the-road.,Neutral,Product Quality
The app is glorious.,Positive,App/Website
the build material is repulsive.,Negative,Product Quality
"It is too expensive, lackluster value.",Neutral,Pricing
delivery was acceptable.,Neutral,Delivery
"It is too expensive, unparalleled value.",Positive,Pricing
my experience with the agent was so-so.,Neutral,Customer Service
i found the item to be deplorable.,Negative,Product Quality
The support team is garbage.,Negative,Customer Service
The package arrived poor.,Negative,Delivery
"Support replied immediately, impressive service!",Positive,Customer Service
Customer service was great!,Positive,Customer Service
logistics and shipping speed were cheap.,Negative,Delivery
the package arrived disgusting.,Negative,Delivery
"Honestly, the product feels so-so.",Neutral,Product Quality
"It is too expensive, subpar value.",Negative,Pricing
Customer service was atrocious.,Negative,Customer Service
I found the item to be unbearable.,Negative,Product Quality
delivery was magnificent.,Positive,Delivery
the app is marvelous.,Positive,App/Website
i found the item to be unbearable.,Negative,Product Quality
Navigation is unbearable!,Negative,App/Website
Quality is magnificent.,Positive,Product Quality
Shipping was immaculate!,Positive,Delivery
customer service was bland.,Neutral,Customer Service
The user interface is poor!,Negative,App/Website
the website is acceptable.,Neutral,App/Website
Customer service was lousy!,Negative,Customer Service
pricing is absolutely vile.,Negative,Pricing
the price is hate.,Negative,Pricing
My experience with the agent was dreadful.,Negative,Customer Service
Logistics and shipping speed were ok.,Neutral,Delivery
"For the cost, this is awful!",Negative,Pricing
"They ignored my emails, decent support.",Neutral,Customer Service
"support replied immediately, garbage service.",Negative,Customer Service
"It is too expensive, outstanding value!",Positive,Pricing
Customer service was immaculate!,Positive,Customer Service
"this product is exactly what i expected, absolutely terrible.",Negative,Product Quality
"For the cost, this is inferior.",Negative,Pricing
Customer service was flawless!,Positive,Customer Service
I found the item to be lackluster.,Neutral,Product Quality
Quality is glorious.,Positive,Product Quality
The app is horrible.,Negative,App/Website
"This product is exactly what I expected, absolutely love.",Positive,Product Quality
The price is great!,Positive,Pricing
Quality is superlative.,Positive,Product Quality
The price is standard!,Neutral,Pricing
"For the cost, this is marvelous.",Positive,Pricing
Pricing is absolutely perfect.,Positive,Pricing
I found the item to be lousy.,Negative,Product Quality
Pricing is absolutely inferior.,Negative,Pricing
the build material is marvelous.,Positive,Product Quality
The app is cheap.,Negative,App/Website
Value for money is marvelous!,Positive,Pricing
Logistics and shipping speed were cheap!,Negative,Delivery
"App keeps crashing, okay experience!",Neutral,App/Website
"this product is exactly what i expected, absolutely lousy.",Negative,Product Quality
The price is superlative!,Positive,Pricing
the user interface is deplorable.,Negative,App/Website
The package arrived undistinguished!,Neutral,Delivery
value for money is lackluster.,Neutral,Pricing
Pricing is absolutely exquisite!,Positive,Pricing
Value for money is pathetic!,Negative,Pricing
Quality is middle-of-the-road!,Neutral,Product Quality
"This product is exactly what I expected, absolutely lackluster!",Neutral,Product Quality
"for the cost, this is so-so.",Neutral,Pricing
"This product is exactly what I expected, absolutely fantastic.",Positive,Product Quality
the user interface is bland.,Neutral,App/Website
logistics and shipping speed were bland.,Neutral,Delivery
The build material is fair!,Neutral,Product Quality
value for money is unremarkable.,Neutral,Pricing
Quality is dreadful.,Negative,Product Quality
The app is pathetic.,Negative,App/Website
The price is so-so!,Neutral,Pricing
The support team is inferior!,Negative,Customer Service
value for money is acceptable.,Neutral,Pricing
Navigation is wonderful!,Positive,App/Website
The support team is great!,Positive,Customer Service
I found the item to be deplorable.,Negative,Product Quality
the build material is broken.,Negative,Product Quality
Navigation is disappointing!,Negative,App/Website
Navigation is revolting!,Negative,App/Website
The website is trash!,Negative,App/Website
"App keeps crashing, unparalleled experience.",Positive,App/Website
the product is okay.,Neutral,Product Quality
the package arrived dreadful.,Negative,Delivery
the price is bad.,Negative,Pricing
"This product is exactly what I expected, absolutely standard!",Neutral,Product Quality
Pricing is absolutely hated!,Negative,Pricing
The price is exquisite.,Positive,Pricing
the product is lousy.,Negative,Product Quality
"it took forever to arrive, unbearable shipping.",Negative,Delivery
The package arrived splendid!,Positive,Delivery
The build material is useless.,Negative,Product Quality
"This product is exactly what I expected, absolutely unbearable.",Negative,Product Quality
The price is fair.,Neutral,Pricing
Pricing is absolutely okay.,Neutral,Pricing
"for the cost, this is revolting.",Negative,Pricing
The user interface is deplorable!,Negative,App/Website
the support team is atrocious.,Negative,Customer Service
"support replied immediately, bland service.",Neutral,Customer Service
The user interface is bland!,Neutral,App/Website
pricing is absolutely outstanding.,Positive,Pricing
"Honestly, the product feels awful.",Negative,Product Quality
"It is too expensive, lousy value!",Negative,Pricing
I found the item to be cheap.,Negative,Product Quality
Quality is dreadful!,Negative,Product Quality
My experience with the agent was undistinguished!,Neutral,Customer Service
The product is adequate!,Neutral,Product Quality
The support team is first-rate!,Positive,Customer Service
the support team is useless.,Negative,Customer Service
"It took forever to arrive, adequate shipping.",Neutral,Delivery
"App keeps crashing, horrendous experience.",Negative,App/Website
The product is exceptional.,Positive,Product Quality
"for the cost, this is bland.",Neutral,Pricing
The package arrived flawless!,Positive,Delivery
Quality is inferior.,Negative,Product Quality
Shipping was love.,Positive,Delivery
The package arrived marvelous!,Positive,Delivery
logistics and shipping speed were fair.,Neutral,Delivery
Customer service was run-of-the-mill!,Neutral,Customer Service
"They ignored my emails, abysmal support.",Negative,Customer Service
Value for money is broken.,Negative,Pricing
Value for money is love!,Positive,Pricing
The price is dreadful.,Negative,Pricing
Logistics and shipping speed were hated.,Negative,Delivery
Logistics and shipping speed were superlative!,Positive,Delivery
"App keeps crashing, adequate experience!",Neutral,App/Website
"This product is exactly what I expected, absolutely top-notch!",Positive,Product Quality
Shipping was flawless!,Positive,Delivery
The build material is horrible.,Negative,Product Quality
The app is vile.,Negative,App/Website
the support team is flawless.,Positive,Customer Service
value for money is perfect.,Positive,Pricing
value for money is middle-of-the-road.,Neutral,Pricing
"App keeps crashing, defective experience!",Negative,App/Website
"Honestly, the product feels dreadful!",Negative,Product Quality
Shipping was horrible!,Negative,Delivery
Delivery was tolerable.,Neutral,Delivery
The support team is great.,Positive,Customer Service
the package arrived top-notch.,Positive,Delivery
"app keeps crashing, garbage experience.",Negative,App/Website
"Honestly, the product feels wonderful!",Positive,Product Quality
Value for money is exquisite.,Positive,Pricing
the price is superb.,Positive,Pricing
the support team is unacceptable.,Negative,Customer Service
the product is acceptable.,Neutral,Product Quality
"Support replied immediately, inferior service.",Negative,Customer Service
The package arrived unbearable!,Negative,Delivery
"For the cost, this is defective!",Negative,Pricing
The app is revolting!,Negative,App/Website
"Support replied immediately, trash service.",Negative,Customer Service
delivery was superlative.,Positive,Delivery
The build material is awful.,Negative,Product Quality
"for the cost, this is phenomenal.",Positive,Pricing
the product is revolting.,Negative,Product Quality
My experience with the agent was run-of-the-mill!,Neutral,Customer Service
the support team is revolting.,Negative,Customer Service
value for money is awful.,Negative,Pricing
logistics and shipping speed were decent.,Neutral,Delivery
"It is too expensive, fair value.",Neutral,Pricing
The package arrived fine.,Neutral,Delivery
The build material is okay.,Neutral,Product Quality
"it took forever to arrive, magnificent shipping.",Positive,Delivery
"It is too expensive, love value.",Positive,Pricing
pricing is absolutely unbeatable.,Positive,Pricing
The price is repulsive.,Negative,Pricing
The price is impressive!,Positive,Pricing
The product is impressive!,Positive,Product Quality
"This product is exactly what I expected, absolutely unparalleled.",Positive,Product Quality
the product is disappointing.,Negative,Product Quality
The package arrived subpar.,Negative,Delivery
My experience with the agent was inferior!,Negative,Customer Service
Logistics and shipping speed were outstanding!,Positive,Delivery
The user interface is useless!,Negative,App/Website
Delivery was disappointing!,Negative,Delivery
navigation is breathtaking.,Positive,App/Website
The build material is bad!,Negative,Product Quality
Value for money is hate!,Negative,Pricing
The website is acceptable!,Neutral,App/Website
"for the cost, this is splendid.",Positive,Pricing
Navigation is hate.,Negative,App/Website
"For the cost, this is exceptional.",Positive,Pricing
the user interface is worst.,Negative,App/Website
"Honestly, the product feels so-so!",Neutral,Product Quality
The package arrived hated!,Negative,Delivery
"This product is exactly what I expected, absolutely good.",Positive,Product Quality
Logistics and shipping speed were decent!,Neutral,Delivery
I found the item to be loved!,Positive,Product Quality
"For the cost, this is fair!",Neutral,Pricing
Customer service was standard!,Neutral,Customer Service
The support team is unparalleled.,Positive,Customer Service
My experience with the agent was horrendous!,Negative,Customer Service
The package arrived ok.,Neutral,Delivery
The app is appalling!,Negative,App/Website
"this product is exactly what i expected, absolutely love.",Positive,Product Quality
The product is flawless!,Positive,Product Quality
Delivery was good!,Positive,Delivery
The product is inferior!,Negative,Product Quality
quality is worst.,Negative,Product Quality
The product is atrocious!,Negative,Product Quality
"This product is exactly what I expected, absolutely mediocre!",Neutral,Product Quality
The product is awesome.,Positive,Product Quality
"honestly, the product feels horrible.",Negative,Product Quality
"They ignored my emails, inferior support!",Negative,Customer Service
the support team is horrible.,Negative,Customer Service
"they ignored my emails, pathetic support.",Negative,Customer Service
The product is excellent!,Positive,Product Quality
the package arrived amazing.,Positive,Delivery
The app is magnificent.,Positive,App/Website
I found the item to be pathetic!,Negative,Product Quality
"honestly, the product feels hate.",Negative,Product Quality
"it took forever to arrive, revolting shipping.",Negative,Delivery
Delivery was stellar.,Positive,Delivery
"It took forever to arrive, subpar shipping!",Negative,Delivery
customer service was inadequate.,Negative,Customer Service
"they ignored my emails, splendid support.",Positive,Customer Service
"Honestly, the product feels inferior.",Negative,Product Quality
The support team is awful.,Negative,Customer Service
"They ignored my emails, broken support!",Negative,Customer Service
the website is awful.,Negative,App/Website
My experience with the agent was perfect.,Positive,Customer Service
The price is great.,Positive,Pricing
"honestly, the product feels appalling.",Negative,Product Quality
Value for money is worst!,Negative,Pricing
"they ignored my emails, perfect support.",Positive,Customer Service
the support team is middle-of-the-road.,Neutral,Customer Service
"For the cost, this is trash.",Negative,Pricing
Value for money is run-of-the-mill.,Neutral,Pricing
i found the item to be tolerable.,Neutral,Product Quality
"This product is exactly what I expected, absolutely atrocious.",Negative,Product Quality
"for the cost, this is fantastic.",Positive,Pricing
The build material is okay!,Neutral,Product Quality
"Support replied immediately, excellent service!",Positive,Customer Service
"It took forever to arrive, perfect shipping!",Positive,Delivery
logistics and shipping speed were unacceptable.,Negative,Delivery
logistics and shipping speed were adequate.,Neutral,Delivery
"support replied immediately, phenomenal service.",Positive,Customer Service
delivery was excellent.,Positive,Delivery
the user interface is atrocious.,Negative,App/Website
"for the cost, this is hated.",Negative,Pricing
"For the cost, this is perfect!",Positive,Pricing
"For the cost, this is love!",Positive,Pricing
My experience with the agent was pathetic!,Negative,Customer Service
"App keeps crashing, pathetic experience.",Negative,App/Website
Logistics and shipping speed were unbeatable.,Positive,Delivery
The user interface is fine!,Neutral,App/Website
"Support replied immediately, garbage service!",Negative,Customer Service
the product is fair.,Neutral,Product Quality
The product is standard.,Neutral,Product Quality
"support replied immediately, unacceptable service.",Negative,Customer Service
"honestly, the product feels so-so.",Neutral,Product Quality
the support team is exceptional.,Positive,Customer Service
The build material is undistinguished.,Neutral,Product Quality
"Support replied immediately, vile service.",Negative,Customer Service
the package arrived revolting.,Negative,Delivery
The product is subpar!,Negative,Product Quality
logistics and shipping speed were breathtaking.,Positive,Delivery
"for the cost, this is passable.",Neutral,Pricing
customer service was ok.,Neutral,Customer Service
The support team is adequate!,Neutral,Customer Service
"They ignored my emails, unparalleled support!",Positive,Customer Service
"It took forever to arrive, tolerable shipping!",Neutral,Delivery
"They ignored my emails, fair support!",Neutral,Customer Service
logistics and shipping speed were ok.,Neutral,Delivery
Value for money is defective!,Negative,Pricing
Delivery was vile!,Negative,Delivery
I found the item to be broken!,Negative,Product Quality
"It took forever to arrive, unbearable shipping.",Negative,Delivery
the package arrived brilliant.,Positive,Delivery
Pricing is absolutely poor!,Negative,Pricing
The price is top-notch.,Positive,Pricing
Pricing is absolutely unbeatable!,Positive,Pricing
Delivery was outstanding.,Positive,Delivery
I found the item to be stellar!,Positive,Product Quality
"It took forever to arrive, good shipping!",Positive,Delivery
The product is acceptable!,Neutral,Product Quality
"Support replied immediately, superlative service.",Positive,Customer Service
"This product is exactly what I expected, absolutely inferior.",Negative,Product Quality
Navigation is bland!,Neutral,App/Website
The app is hated!,Negative,App/Website
"it is too expensive, so-so value.",Neutral,Pricing
"They ignored my emails, mediocre support!",Neutral,Customer Service
"Support replied immediately, hated service.",Negative,Customer Service
The package arrived stellar!,Positive,Delivery
"it took forever to arrive, vile shipping.",Negative,Delivery
logistics and shipping speed were middle-of-the-road.,Neutral,Delivery
Value for money is unbearable.,Negative,Pricing
"They ignored my emails, okay support.",Neutral,Customer Service
The package arrived marvelous.,Positive,Delivery
"App keeps crashing, phenomenal experience.",Positive,App/Website
"this product is exactly what i expected, absolutely poor.",Negative,Product Quality
The build material is fantastic!,Positive,Product Quality
Delivery was love.,Positive,Delivery
The package arrived magnificent!,Positive,Delivery
Delivery was flawless.,Positive,Delivery
"It took forever to arrive, atrocious shipping.",Negative,Delivery
Quality is terrible.,Negative,Product Quality
"It is too expensive, useless value.",Negative,Pricing
Delivery was breathtaking!,Positive,Delivery
The user interface is hate.,Negative,App/Website
The build material is excellent!,Positive,Product Quality
Delivery was immaculate!,Positive,Delivery
Logistics and shipping speed were exquisite!,Positive,Delivery
"They ignored my emails, breathtaking support!",Positive,Customer Service
The product is cheap!,Negative,Product Quality
The build material is run-of-the-mill.,Neutral,Product Quality
the app is loved.,Positive,App/Website
"It is too expensive, decent value!",Neutral,Pricing
Logistics and shipping speed were good!,Positive,Delivery
customer service was top-notch.,Positive,Customer Service
Navigation is broken.,Negative,App/Website
Pricing is absolutely wonderful!,Positive,Pricing
"it took forever to arrive, phenomenal shipping.",Positive,Delivery
"honestly, the product feels passable.",Neutral,Product Quality
value for money is loved.,Positive,Pricing
"For the cost, this is impressive!",Positive,Pricing
shipping was defective.,Negative,Delivery
The product is worst.,Negative,Product Quality
the user interface is immaculate.,Positive,App/Website
"App keeps crashing, fair experience.",Neutral,App/Website
my experience with the agent was inferior.,Negative,Customer Service
My experience with the agent was revolting.,Negative,Customer Service
Logistics and shipping speed were love!,Positive,Delivery
Customer service was impressive!,Positive,Customer Service
The product is disappointing!,Negative,Product Quality
Logistics and shipping speed were flawless!,Positive,Delivery
The support team is tolerable.,Neutral,Customer Service
customer service was lackluster.,Neutral,Customer Service
the website is good.,Positive,App/Website
The build material is horrible!,Negative,Product Quality
Quality is unbeatable!,Positive,Product Quality
Customer service was unbeatable!,Positive,Customer Service
the user interface is useless.,Negative,App/Website
The support team is inferior.,Negative,Customer Service
delivery was inferior.,Negative,Delivery
Delivery was lackluster.,Neutral,Delivery
the app is cheap.,Negative,App/Website
Value for money is abysmal.,Negative,Pricing
The website is breathtaking.,Positive,App/Website
The app is terrible.,Negative,App/Website
Quality is average!,Neutral,Product Quality
navigation is awesome.,Positive,App/Website
The product is brilliant.,Positive,Product Quality
The website is splendid.,Positive,App/Website
the price is abysmal.,Negative,Pricing
"It took forever to arrive, passable shipping.",Neutral,Delivery
"Support replied immediately, worst service.",Negative,Customer Service
"it took forever to arrive, useless shipping.",Negative,Delivery
I found the item to be phenomenal.,Positive,Product Quality
The user interface is repulsive!,Negative,App/Website
The user interface is fine.,Neutral,App/Website
the product is good.,Positive,Product Quality
"They ignored my emails, standard support.",Neutral,Customer Service
The website is garbage.,Negative,App/Website
the price is unparalleled.,Positive,Pricing
the product is garbage.,Negative,Product Quality
the support team is cheap.,Negative,Customer Service
Value for money is useless.,Negative,Pricing
The product is terrible.,Negative,Product Quality
"This product is exactly what I expected, absolutely good!",Positive,Product Quality
Navigation is appalling.,Negative,App/Website
"they ignored my emails, passable support.",Neutral,Customer Service
"They ignored my emails, phenomenal support.",Positive,Customer Service
the app is decent.,Neutral,App/Website
Navigation is first-rate!,Positive,App/Website
The package arrived awful.,Negative,Delivery
"It took forever to arrive, adequate shipping!",Neutral,Delivery
My experience with the agent was passable.,Neutral,Customer Service
The package arrived useless!,Negative,Delivery
"honestly, the product feels top-notch.",Positive,Product Quality
Logistics and shipping speed were dreadful.,Negative,Delivery
Logistics and shipping speed were excellent.,Positive,Delivery
"It is too expensive, trash value.",Negative,Pricing
"It took forever to arrive, awesome shipping!",Positive,Delivery
value for money is broken.,Negative,Pricing
the app is useless.,Negative,App/Website
Pricing is absolutely unbeatable.,Positive,Pricing
Customer service was pathetic.,Negative,Customer Service
the price is great.,Positive,Pricing
The user interface is horrendous.,Negative,App/Website
Navigation is acceptable.,Neutral,App/Website
"it took forever to arrive, dreadful shipping.",Negative,Delivery
logistics and shipping speed were good.,Positive,Delivery
Pricing is absolutely great!,Positive,Pricing
"they ignored my emails, exquisite support.",Positive,Customer Service
The user interface is dreadful!,Negative,App/Website
"App keeps crashing, tolerable experience.",Neutral,App/Website
"It took forever to arrive, decent shipping!",Neutral,Delivery
"this product is exactly what i expected, absolutely awesome.",Positive,Product Quality
navigation is great.,Positive,App/Website
"It is too expensive, unremarkable value.",Neutral,Pricing
The app is unbeatable.,Positive,App/Website
I found the item to be breathtaking!,Positive,Product Quality
The price is worst.,Negative,Pricing
"They ignored my emails, great support!",Positive,Customer Service
the build material is superlative.,Positive,Product Quality
"For the cost, this is lousy!",Negative,Pricing
my experience with the agent was impressive.,Positive,Customer Service
customer service was appalling.,Negative,Customer Service
"app keeps crashing, unremarkable experience.",Neutral,App/Website
customer service was awful.,Negative,Customer Service
The build material is phenomenal!,Positive,Product Quality
the support team is wonderful.,Positive,Customer Service
The website is excellent.,Positive,App/Website
The package arrived defective!,Negative,Delivery
The build material is stellar.,Positive,Product Quality
"app keeps crashing, unparalleled experience.",Positive,App/Website
the product is poor.,Negative,Product Quality
Logistics and shipping speed were disappointing.,Negative,Delivery
"It took forever to arrive, garbage shipping.",Negative,Delivery
the app is stellar.,Positive,App/Website
delivery was dreadful.,Negative,Delivery
My experience with the agent was brilliant!,Positive,Customer Service
The package arrived atrocious!,Negative,Delivery
Navigation is hated.,Negative,App/Website
Logistics and shipping speed were amazing.,Positive,Delivery
"App keeps crashing, abysmal experience!",Negative,App/Website
The package arrived average.,Neutral,Delivery
the package arrived bad.,Negative,Delivery
navigation is glorious.,Positive,App/Website
"For the cost, this is cheap!",Negative,Pricing
"honestly, the product feels glorious.",Positive,Product Quality
Logistics and shipping speed were standard!,Neutral,Delivery
"this product is exactly what i expected, absolutely loved.",Positive,Product Quality
The support team is adequate.,Neutral,Customer Service
"App keeps crashing, middle-of-the-road experience.",Neutral,App/Website
the user interface is so-so.,Neutral,App/Website
delivery was mediocre.,Neutral,Delivery
Quality is brilliant.,Positive,Product Quality
"Honestly, the product feels amazing!",Positive,Product Quality
The website is exceptional!,Positive,App/Website
The product is disgusting.,Negative,Product Quality
quality is marvelous.,Positive,Product Quality
"Support replied immediately, adequate service!",Neutral,Customer Service
Shipping was brilliant.,Positive,Delivery
The package arrived passable!,Neutral,Delivery
Pricing is absolutely fantastic.,Positive,Pricing
The price is useless!,Negative,Pricing
the support team is unparalleled.,Positive,Customer Service
Customer service was good.,Positive,Customer Service
"It took forever to arrive, unbeatable shipping!",Positive,Delivery
"App keeps crashing, flawless experience!",Positive,App/Website
My experience with the agent was broken.,Negative,Customer Service
the app is fine.,Neutral,App/Website
The app is impressive!,Positive,App/Website
the support team is fantastic.,Positive,Customer Service
the build material is love.,Positive,Product Quality
Pricing is absolutely acceptable!,Neutral,Pricing
"this product is exactly what i expected, absolutely breathtaking.",Positive,Product Quality
the user interface is hate.,Negative,App/Website
I found the item to be perfect.,Positive,Product Quality
The support team is unacceptable!,Negative,Customer Service
Pricing is absolutely inadequate!,Negative,Pricing
The user interface is excellent.,Positive,App/Website
"For the cost, this is unbeatable!",Positive,Pricing
The product is unbeatable!,Positive,Product Quality
The user interface is superlative.,Positive,App/Website
My experience with the agent was subpar.,Negative,Customer Service
the user interface is inferior.,Negative,App/Website
The app is magnificent!,Positive,App/Website
Value for money is inadequate.,Negative,Pricing
"honestly, the product feels unacceptable.",Negative,Product Quality
the product is great.,Positive,Product Quality
"It is too expensive, defective value!",Negative,Pricing
"They ignored my emails, impressive support!",Positive,Customer Service
"They ignored my emails, ok support!",Neutral,Customer Service
The build material is disgusting!,Negative,Product Quality
Customer service was immaculate.,Positive,Customer Service
The app is passable!,Neutral,App/Website
Customer service was disappointing!,Negative,Customer Service
I found the item to be worst.,Negative,Product Quality
value for money is love.,Positive,Pricing
the support team is tolerable.,Neutral,Customer Service
Quality is impressive.,Positive,Product Quality
my experience with the agent was magnificent.,Positive,Customer Service
shipping was awful.,Negative,Delivery
Quality is fine.,Neutral,Product Quality
The website is glorious.,Positive,App/Website
"It took forever to arrive, tolerable shipping.",Neutral,Delivery
value for money is stellar.,Positive,Pricing
I found the item to be first-rate.,Positive,Product Quality
Shipping was inadequate!,Negative,Delivery
"app keeps crashing, unbearable experience.",Negative,App/Website
"It is too expensive, run-of-the-mill value!",Neutral,Pricing
The website is impressive.,Positive,App/Website
The build material is fantastic.,Positive,Product Quality
"It took forever to arrive, horrendous shipping!",Negative,Delivery
Pricing is absolutely awful.,Negative,Pricing
the build material is run-of-the-mill.,Neutral,Product Quality
"It took forever to arrive, bad shipping!",Negative,Delivery
"this product is exactly what i expected, absolutely impressive.",Positive,Product Quality
customer service was awesome.,Positive,Customer Service
"App keeps crashing, tolerable experience!",Neutral,App/Website
Pricing is absolutely tolerable!,Neutral,Pricing
The app is standard!,Neutral,App/Website
"honestly, the product feels marvelous.",Positive,Product Quality
Pricing is absolutely immaculate!,Positive,Pricing
"It is too expensive, first-rate value.",Positive,Pricing
The price is vile!,Negative,Pricing
"They ignored my emails, hate support!",Negative,Customer Service
"App keeps crashing, fantastic experience.",Positive,App/Website
"Support replied immediately, disappointing service!",Negative,Customer Service
"honestly, the product feels first-rate.",Positive,Product Quality
Customer service was dreadful.,Negative,Customer Service
The website is trash.,Negative,App/Website
The price is trash!,Negative,Pricing
The support team is splendid!,Positive,Customer Service
"It is too expensive, ok value.",Neutral,Pricing
the app is vile.,Negative,App/Website
The package arrived hated.,Negative,Delivery
Delivery was splendid.,Positive,Delivery
Customer service was loved!,Positive,Customer Service
"Honestly, the product feels marvelous.",Positive,Product Quality
"They ignored my emails, horrendous support!",Negative,Customer Service
the package arrived vile.,Negative,Delivery
customer service was undistinguished.,Neutral,Customer Service
Value for money is first-rate!,Positive,Pricing
the package arrived trash.,Negative,Delivery
the app is ok.,Neutral,App/Website
"It is too expensive, excellent value.",Positive,Pricing
My experience with the agent was marvelous!,Positive,Customer Service
My experience with the agent was exceptional.,Positive,Customer Service
Customer service was decent.,Neutral,Customer Service
"it is too expensive, exquisite value.",Positive,Pricing
The website is great.,Positive,App/Website
"Support replied immediately, unacceptable service!",Negative,Customer Service
the package arrived horrible.,Negative,Delivery
"They ignored my emails, impressive support.",Positive,Customer Service
The price is vile.,Negative,Pricing
The user interface is abysmal.,Negative,App/Website
"for the cost, this is average.",Neutral,Pricing
Pricing is absolutely poor.,Negative,Pricing
Value for money is appalling.,Negative,Pricing
"For the cost, this is atrocious.",Negative,Pricing
"they ignored my emails, unbeatable support.",Positive,Customer Service
The product is unremarkable!,Neutral,Product Quality
Delivery was deplorable.,Negative,Delivery
The price is passable!,Neutral,Pricing
logistics and shipping speed were unbearable.,Negative,Delivery
My experience with the agent was mediocre.,Neutral,Customer Service
The support team is repulsive.,Negative,Customer Service
My experience with the agent was hated!,Negative,Customer Service
My experience with the agent was unbearable.,Negative,Customer Service
"This product is exactly what I expected, absolutely run-of-the-mill.",Neutral,Product Quality
Shipping was flawless.,Positive,Delivery
The support team is standard!,Neutral,Customer Service
"Honestly, the product feels garbage.",Negative,Product Quality
"support replied immediately, first-rate service.",Positive,Customer Service
the user interface is run-of-the-mill.,Neutral,App/Website
I found the item to be fine.,Neutral,Product Quality
"Honestly, the product feels glorious!",Positive,Product Quality
Value for money is undistinguished.,Neutral,Pricing
the price is good.,Positive,Pricing
shipping was lousy.,Negative,Delivery
The package arrived trash.,Negative,Delivery
The user interface is trash.,Negative,App/Website
i found the item to be inferior.,Negative,Product Quality
Customer service was horrendous.,Negative,Customer Service
Value for money is unacceptable.,Negative,Pricing
"It is too expensive, acceptable value.",Neutral,Pricing
"They ignored my emails, amazing support.",Positive,Customer Service
the product is brilliant.,Positive,Product Quality
I found the item to be inferior!,Negative,Product Quality
the product is vile.,Negative,Product Quality
My experience with the agent was awesome.,Positive,Customer Service
Logistics and shipping speed were pathetic.,Negative,Delivery
The build material is good!,Positive,Product Quality
The support team is exquisite!,Positive,Customer Service
the product is worst.,Negative,Product Quality
"this product is exactly what i expected, absolutely decent.",Neutral,Product Quality
"They ignored my emails, passable support.",Neutral,Customer Service
The product is superb.,Positive,Product Quality
"this product is exactly what i expected, absolutely unacceptable.",Negative,Product Quality
"Support replied immediately, first-rate service.",Positive,Customer Service
"They ignored my emails, perfect support!",Positive,Customer Service
Delivery was loved!,Positive,Delivery
Logistics and shipping speed were fantastic!,Positive,Delivery
navigation is dreadful.,Negative,App/Website
delivery was fine.,Neutral,Delivery
the build material is amazing.,Positive,Product Quality
Navigation is good!,Positive,App/Website
The package arrived first-rate.,Positive,Delivery
The product is hate.,Negative,Product Quality
customer service was wonderful.,Positive,Customer Service
"it took forever to arrive, unparalleled shipping.",Positive,Delivery
The price is garbage!,Negative,Pricing
The package arrived first-rate!,Positive,Delivery
the user interface is broken.,Negative,App/Website
shipping was useless.,Negative,Delivery
I found the item to be horrendous.,Negative,Product Quality
Delivery was perfect!,Positive,Delivery
the website is disgusting.,Negative,App/Website
Delivery was mediocre.,Neutral,Delivery
The website is unparalleled.,Positive,App/Website
Quality is run-of-the-mill!,Neutral,Product Quality
"for the cost, this is marvelous.",Positive,Pricing
"They ignored my emails, so-so support!",Neutral,Customer Service
The website is fantastic!,Positive,App/Website
The build material is outstanding.,Positive,Product Quality
Value for money is perfect!,Positive,Pricing
The website is wonderful!,Positive,App/Website
Customer service was loved.,Positive,Customer Service
"They ignored my emails, unacceptable support!",Negative,Customer Service
The product is pathetic.,Negative,Product Quality
Navigation is magnificent!,Positive,App/Website
Value for money is garbage!,Negative,Pricing
The app is passable.,Neutral,App/Website
Logistics and shipping speed were deplorable.,Negative,Delivery
shipping was poor.,Negative,Delivery
the build material is disgusting.,Negative,Product Quality
The website is inferior.,Negative,App/Website
The website is mediocre!,Neutral,App/Website
the price is standard.,Neutral,Pricing
customer service was perfect.,Positive,Customer Service
I found the item to be useless.,Negative,Product Quality
Logistics and shipping speed were appalling.,Negative,Delivery
"It is too expensive, garbage value!",Negative,Pricing
Customer service was passable!,Neutral,Customer Service
Pricing is absolutely amazing.,Positive,Pricing
Quality is inadequate.,Negative,Product Quality
Pricing is absolutely decent!,Neutral,Pricing
"For the cost, this is unparalleled.",Positive,Pricing
Navigation is marvelous.,Positive,App/Website
"Support replied immediately, useless service!",Negative,Customer Service
the product is hate.,Negative,Product Quality
"It is too expensive, abysmal value.",Negative,Pricing
logistics and shipping speed were outstanding.,Positive,Delivery
"Support replied immediately, unremarkable service.",Neutral,Customer Service
logistics and shipping speed were mediocre.,Neutral,Delivery
The price is appalling.,Negative,Pricing
"They ignored my emails, lackluster support.",Neutral,Customer Service
value for money is splendid.,Positive,Pricing
The package arrived decent.,Neutral,Delivery
The user interface is great!,Positive,App/Website
The product is appalling!,Negative,Product Quality
The build material is love!,Positive,Product Quality
Logistics and shipping speed were middle-of-the-road.,Neutral,Delivery
My experience with the agent was awful.,Negative,Customer Service
the build material is tolerable.,Neutral,Product Quality
value for money is pathetic.,Negative,Pricing
My experience with the agent was first-rate.,Positive,Customer Service
The support team is bad!,Negative,Customer Service
pricing is absolutely great.,Positive,Pricing
"They ignored my emails, vile support.",Negative,Customer Service
The product is stellar.,Positive,Product Quality
navigation is terrible.,Negative,App/Website
"they ignored my emails, good support.",Positive,Customer Service
Value for money is terrible.,Negative,Pricing
"For the cost, this is pathetic!",Negative,Pricing
"They ignored my emails, exceptional support!",Positive,Customer Service
"They ignored my emails, superlative support!",Positive,Customer Service
"Honestly, the product feels middle-of-the-road.",Neutral,Product Quality
"It took forever to arrive, breathtaking shipping!",Positive,Delivery
Value for money is wonderful.,Positive,Pricing
"for the cost, this is subpar.",Negative,Pricing
The build material is undistinguished!,Neutral,Product Quality
"It is too expensive, awful value!",Negative,Pricing
"It took forever to arrive, fantastic shipping!",Positive,Delivery
"It is too expensive, decent value.",Neutral,Pricing
"They ignored my emails, unbeatable support.",Positive,Customer Service
The build material is appalling.,Negative,Product Quality
"For the cost, this is flawless!",Positive,Pricing
Logistics and shipping speed were wonderful.,Positive,Delivery
The package arrived unbearable.,Negative,Delivery
"It took forever to arrive, wonderful shipping.",Positive,Delivery
the app is awesome.,Positive,App/Website
the user interface is dreadful.,Negative,App/Website
The package arrived mediocre!,Neutral,Delivery
my experience with the agent was abysmal.,Negative,Customer Service
The website is loved!,Positive,App/Website
"support replied immediately, superlative service.",Positive,Customer Service
"for the cost, this is terrible.",Negative,Pricing
pricing is absolutely disgusting.,Negative,Pricing
The product is great!,Positive,Product Quality
Navigation is phenomenal.,Positive,App/Website
"Support replied immediately, phenomenal service.",Positive,Customer Service
"this product is exactly what i expected, absolutely worst.",Negative,Product Quality
I found the item to be dreadful.,Negative,Product Quality
The app is outstanding.,Positive,App/Website
Value for money is breathtaking.,Positive,Pricing
The app is superb!,Positive,App/Website
pricing is absolutely run-of-the-mill.,Neutral,Pricing
"This product is exactly what I expected, absolutely worst.",Negative,Product Quality
My experience with the agent was amazing.,Positive,Customer Service
The product is immaculate!,Positive,Product Quality
Pricing is absolutely unparalleled!,Positive,Pricing
"It took forever to arrive, pathetic shipping!",Negative,Delivery
Quality is trash.,Negative,Product Quality
"this product is exactly what i expected, absolutely defective.",Negative,Product Quality
"They ignored my emails, stellar support.",Positive,Customer Service
Customer service was unremarkable!,Neutral,Customer Service
"Support replied immediately, good service!",Positive,Customer Service
"it is too expensive, lousy value.",Negative,Pricing
Delivery was awful!,Negative,Delivery
"It took forever to arrive, phenomenal shipping.",Positive,Delivery
Shipping was inadequate.,Negative,Delivery
"Support replied immediately, exceptional service!",Positive,Customer Service
"It is too expensive, breathtaking value!",Positive,Pricing
the product is excellent.,Positive,Product Quality
delivery was disappointing.,Negative,Delivery
The price is superb!,Positive,Pricing
My experience with the agent was unparalleled!,Positive,Customer Service
"Honestly, the product feels undistinguished!",Neutral,Product Quality
quality is standard.,Neutral,Product Quality
"For the cost, this is terrible.",Negative,Pricing
Navigation is stellar!,Positive,App/Website
my experience with the agent was adequate.,Neutral,Customer Service
"App keeps crashing, average experience.",Neutral,App/Website
The user interface is exceptional!,Positive,App/Website
"They ignored my emails, glorious support.",Positive,Customer Service
The website is hate.,Negative,App/Website
the build material is awful.,Negative,Product Quality
The support team is exceptional!,Positive,Customer Service
"This product is exactly what I expected, absolutely marvelous!",Positive,Product Quality
The app is dreadful!,Negative,App/Website
i found the item to be exquisite.,Positive,Product Quality
The website is immaculate!,Positive,App/Website
"It took forever to arrive, standard shipping.",Neutral,Delivery
shipping was unparalleled.,Positive,Delivery
Shipping was bad!,Negative,Delivery
the website is marvelous.,Positive,App/Website
logistics and shipping speed were defective.,Negative,Delivery
Quality is disgusting!,Negative,Product Quality
The website is dreadful!,Negative,App/Website
the app is horrendous.,Negative,App/Website
"it took forever to arrive, standard shipping.",Neutral,Delivery
I found the item to be ok.,Neutral,Product Quality
The app is awful!,Negative,App/Website
The product is revolting.,Negative,Product Quality
Logistics and shipping speed were great!,Positive,Delivery
pricing is absolutely splendid.,Positive,Pricing
shipping was disappointing.,Negative,Delivery
the build material is great.,Positive,Product Quality
"app keeps crashing, abysmal experience.",Negative,App/Website
"app keeps crashing, run-of-the-mill experience.",Neutral,App/Website
quality is glorious.,Positive,Product Quality
The website is adequate.,Neutral,App/Website
Navigation is garbage.,Negative,App/Website
the website is immaculate.,Positive,App/Website
Value for money is tolerable!,Neutral,Pricing
"Support replied immediately, fantastic service.",Positive,Customer Service
"It took forever to arrive, dreadful shipping.",Negative,Delivery
"Honestly, the product feels mediocre.",Neutral,Product Quality
"it is too expensive, fantastic value.",Positive,Pricing
"Support replied immediately, acceptable service!",Neutral,Customer Service
"It is too expensive, revolting value!",Negative,Pricing
i found the item to be garbage.,Negative,Product Quality
Customer service was fantastic!,Positive,Customer Service
"support replied immediately, broken service.",Negative,Customer Service
My experience with the agent was flawless.,Positive,Customer Service
the build material is phenomenal.,Positive,Product Quality
Shipping was unacceptable!,Negative,Delivery
Shipping was immaculate.,Positive,Delivery
the user interface is passable.,Neutral,App/Website
"for the cost, this is hate.",Negative,Pricing
"This product is exactly what I expected, absolutely hated.",Negative,Product Quality
"They ignored my emails, flawless support!",Positive,Customer Service
Shipping was unbearable!,Negative,Delivery
The price is repulsive!,Negative,Pricing
The product is stellar!,Positive,Product Quality
the website is bad.,Negative,App/Website
"It is too expensive, disappointing value.",Negative,Pricing
customer service was subpar.,Negative,Customer Service
"app keeps crashing, so-so experience.",Neutral,App/Website
The build material is cheap.,Negative,Product Quality
"support replied immediately, disappointing service.",Negative,Customer Service
The package arrived good.,Positive,Delivery
Customer service was exceptional!,Positive,Customer Service
the user interface is fine.,Neutral,App/Website
The price is outstanding!,Positive,Pricing
The website is hated.,Negative,App/Website
The support team is dreadful.,Negative,Customer Service
"they ignored my emails, impressive support.",Positive,Customer Service
the product is horrendous.,Negative,Product Quality
"it took forever to arrive, mediocre shipping.",Neutral,Delivery
"Honestly, the product feels okay.",Neutral,Product Quality
"app keeps crashing, repulsive experience.",Negative,App/Website
"support replied immediately, perfect service.",Positive,Customer Service
The price is superlative.,Positive,Pricing
Customer service was worst!,Negative,Customer Service
Pricing is absolutely subpar!,Negative,Pricing
customer service was unbeatable.,Positive,Customer Service
The app is inadequate!,Negative,App/Website
"it took forever to arrive, inadequate shipping.",Negative,Delivery
"This product is exactly what I expected, absolutely wonderful.",Positive,Product Quality
"it is too expensive, revolting value.",Negative,Pricing
Navigation is acceptable!,Neutral,App/Website
Value for money is disappointing.,Negative,Pricing
"this product is exactly what i expected, absolutely phenomenal.",Positive,Product Quality
"App keeps crashing, subpar experience.",Negative,App/Website
"This product is exactly what I expected, absolutely tolerable.",Neutral,Product Quality
"They ignored my emails, deplorable support!",Negative,Customer Service
the product is love.,Positive,Product Quality
The app is undistinguished!,Neutral,App/Website
the user interface is fair.,Neutral,App/Website
The package arrived appalling.,Negative,Delivery
Logistics and shipping speed were hate.,Negative,Delivery
the website is so-so.,Neutral,App/Website
The product is repulsive.,Negative,Product Quality
pricing is absolutely phenomenal.,Positive,Pricing
The website is decent!,Neutral,App/Website
"For the cost, this is ok!",Neutral,Pricing
Value for money is disgusting.,Negative,Pricing
The build material is breathtaking!,Positive,Product Quality
Quality is impressive!,Positive,Product Quality
The package arrived defective.,Negative,Delivery
Logistics and shipping speed were superlative.,Positive,Delivery
the price is unremarkable.,Neutral,Pricing
The price is disappointing.,Negative,Pricing
the package arrived abysmal.,Negative,Delivery
The build material is magnificent!,Positive,Product Quality
customer service was vile.,Negative,Customer Service
The app is fine!,Neutral,App/Website
my experience with the agent was bad.,Negative,Customer Service
The website is passable!,Neutral,App/Website
"App keeps crashing, exceptional experience.",Positive,App/Website
Pricing is absolutely useless.,Negative,Pricing
Shipping was deplorable.,Negative,Delivery
The price is flawless.,Positive,Pricing
I found the item to be superlative.,Positive,Product Quality
Pricing is absolutely cheap.,Negative,Pricing
My experience with the agent was okay!,Neutral,Customer Service
Shipping was defective!,Negative,Delivery
Pricing is absolutely lousy!,Negative,Pricing
"honestly, the product feels unremarkable.",Neutral,Product Quality
Customer service was undistinguished.,Neutral,Customer Service
"They ignored my emails, stellar support!",Positive,Customer Service
The product is splendid.,Positive,Product Quality
the package arrived marvelous.,Positive,Delivery
The support team is so-so.,Neutral,Customer Service
Navigation is loved!,Positive,App/Website
The price is unparalleled.,Positive,Pricing
I found the item to be glorious.,Positive,Product Quality
"honestly, the product feels wonderful.",Positive,Product Quality
The website is bad!,Negative,App/Website
The price is hate!,Negative,Pricing
pricing is absolutely immaculate.,Positive,Pricing
My experience with the agent was wonderful.,Positive,Customer Service
Pricing is absolutely first-rate.,Positive,Pricing
the website is atrocious.,Negative,App/Website
The product is standard!,Neutral,Product Quality
The build material is repulsive!,Negative,Product Quality
"This product is exactly what I expected, absolutely tolerable!",Neutral,Product Quality
Pricing is absolutely unacceptable!,Negative,Pricing
logistics and shipping speed were exceptional.,Positive,Delivery
The package arrived adequate!,Neutral,Delivery
"honestly, the product feels useless.",Negative,Product Quality
Quality is amazing.,Positive,Product Quality
Shipping was exquisite!,Positive,Delivery
The website is top-notch.,Positive,App/Website
my experience with the agent was ok.,Neutral,Customer Service
i found the item to be magnificent.,Positive,Product Quality
"For the cost, this is appalling!",Negative,Pricing
The product is bland!,Neutral,Product Quality
"They ignored my emails, pathetic support.",Negative,Customer Service
"App keeps crashing, atrocious experience.",Negative,App/Website
"honestly, the product feels hated.",Negative,Product Quality
Logistics and shipping speed were disgusting!,Negative,Delivery
"It took forever to arrive, stellar shipping.",Positive,Delivery
"It is too expensive, okay value.",Neutral,Pricing
Customer service was bland!,Neutral,Customer Service
The package arrived cheap!,Negative,Delivery
Logistics and shipping speed were lackluster.,Neutral,Delivery
"App keeps crashing, deplorable experience.",Negative,App/Website
the support team is poor.,Negative,Customer Service
Customer service was abysmal!,Negative,Customer Service
delivery was fair.,Neutral,Delivery
"for the cost, this is unbeatable.",Positive,Pricing
customer service was broken.,Negative,Customer Service
"honestly, the product feels fantastic.",Positive,Product Quality
Customer service was marvelous.,Positive,Customer Service
"It is too expensive, awful value.",Negative,Pricing
"App keeps crashing, revolting experience!",Negative,App/Website
"Support replied immediately, fine service!",Neutral,Customer Service
navigation is fantastic.,Positive,App/Website
Value for money is horrendous!,Negative,Pricing
"Honestly, the product feels standard!",Neutral,Product Quality
"For the cost, this is great!",Positive,Pricing
The user interface is cheap.,Negative,App/Website
the price is middle-of-the-road.,Neutral,Pricing
the product is phenomenal.,Positive,Product Quality
navigation is flawless.,Positive,App/Website
The price is atrocious.,Negative,Pricing
The user interface is perfect.,Positive,App/Website
The product is exceptional!,Positive,Product Quality
The build material is so-so!,Neutral,Product Quality
The user interface is unremarkable!,Neutral,App/Website
The build material is unacceptable!,Negative,Product Quality
My experience with the agent was inadequate.,Negative,Customer Service
Navigation is amazing.,Positive,App/Website
"This product is exactly what I expected, absolutely superlative.",Positive,Product Quality
The website is marvelous!,Positive,App/Website
Quality is horrible.,Negative,Product Quality
Logistics and shipping speed were phenomenal!,Positive,Delivery
delivery was useless.,Negative,Delivery
Logistics and shipping speed were awesome!,Positive,Delivery
Quality is exquisite!,Positive,Product Quality
The package arrived lackluster.,Neutral,Delivery
quality is subpar.,Negative,Product Quality
Navigation is subpar!,Negative,App/Website
Quality is cheap!,Negative,Product Quality
"support replied immediately, defective service.",Negative,Customer Service
My experience with the agent was horrendous.,Negative,Customer Service
The price is defective!,Negative,Pricing
"This product is exactly what I expected, absolutely hate!",Negative,Product Quality
"app keeps crashing, disgusting experience.",Negative,App/Website
Pricing is absolutely deplorable!,Negative,Pricing
Navigation is stellar.,Positive,App/Website
The build material is abysmal.,Negative,Product Quality
"this product is exactly what i expected, absolutely broken.",Negative,Product Quality
The user interface is hate!,Negative,App/Website
"it took forever to arrive, stellar shipping.",Positive,Delivery
Pricing is absolutely standard.,Neutral,Pricing
"It took forever to arrive, undistinguished shipping.",Neutral,Delivery
Quality is so-so!,Neutral,Product Quality
logistics and shipping speed were flawless.,Positive,Delivery
Logistics and shipping speed were ok!,Neutral,Delivery
navigation is bland.,Neutral,App/Website
value for money is outstanding.,Positive,Pricing
"it took forever to arrive, passable shipping.",Neutral,Delivery
my experience with the agent was repulsive.,Negative,Customer Service
Navigation is disappointing.,Negative,App/Website
"App keeps crashing, lousy experience!",Negative,App/Website
pricing is absolutely average.,Neutral,Pricing
The product is ok!,Neutral,Product Quality
The package arrived bad.,Negative,Delivery
The app is wonderful.,Positive,App/Website
"Honestly, the product feels glorious.",Positive,Product Quality
pricing is absolutely worst.,Negative,Pricing
Logistics and shipping speed were loved.,Positive,Delivery
"They ignored my emails, good support!",Positive,Customer Service
Delivery was appalling!,Negative,Delivery
Logistics and shipping speed were horrible!,Negative,Delivery
Pricing is absolutely horrendous.,Negative,Pricing
My experience with the agent was atrocious.,Negative,Customer Service
The user interface is stellar!,Positive,App/Website
My experience with the agent was exquisite.,Positive,Customer Service
The app is inferior.,Negative,App/Website
"they ignored my emails, awesome support.",Positive,Customer Service
"Support replied immediately, good service.",Positive,Customer Service
quality is lackluster.,Neutral,Product Quality
"It is too expensive, poor value!",Negative,Pricing
I found the item to be exceptional!,Positive,Product Quality
The website is unbearable!,Negative,App/Website
Value for money is horrible!,Negative,Pricing
Quality is bad.,Negative,Product Quality
the app is okay.,Neutral,App/Website
Logistics and shipping speed were immaculate.,Positive,Delivery
"it took forever to arrive, lackluster shipping.",Neutral,Delivery
The support team is unremarkable!,Neutral,Customer Service
"For the cost, this is fine.",Neutral,Pricing
"They ignored my emails, terrible support.",Negative,Customer Service
"they ignored my emails, horrible support.",Negative,Customer Service
The build material is magnificent.,Positive,Product Quality
I found the item to be appalling.,Negative,Product Quality
Pricing is absolutely ok.,Neutral,Pricing
the app is abysmal.,Negative,App/Website
"support replied immediately, superb service.",Positive,Customer Service
the support team is subpar.,Negative,Customer Service
Delivery was subpar.,Negative,Delivery
Shipping was standard!,Neutral,Delivery
The product is exquisite.,Positive,Product Quality
Value for money is disgusting!,Negative,Pricing
delivery was appalling.,Negative,Delivery
The app is excellent!,Positive,App/Website
The price is phenomenal!,Positive,Pricing
the product is run-of-the-mill.,Neutral,Product Quality
I found the item to be okay!,Neutral,Product Quality
"for the cost, this is repulsive.",Negative,Pricing
"They ignored my emails, useless support!",Negative,Customer Service
I found the item to be unremarkable.,Neutral,Product Quality
"they ignored my emails, love support.",Positive,Customer Service
"Support replied immediately, vile service!",Negative,Customer Service
the user interface is great.,Positive,App/Website
"this product is exactly what i expected, absolutely acceptable.",Neutral,Product Quality
"Support replied immediately, ok service.",Neutral,Customer Service
The support team is hated.,Negative,Customer Service
My experience with the agent was loved.,Positive,Customer Service
pricing is absolutely passable.,Neutral,Pricing
Shipping was awful.,Negative,Delivery
The build material is perfect.,Positive,Product Quality
The user interface is adequate.,Neutral,App/Website
The website is inadequate.,Negative,App/Website
The package arrived tolerable!,Neutral,Delivery
"app keeps crashing, superlative experience.",Positive,App/Website
The build material is vile!,Negative,Product Quality
Navigation is excellent.,Positive,App/Website
"They ignored my emails, vile support!",Negative,Customer Service
My experience with the agent was great!,Positive,Customer Service
"They ignored my emails, immaculate support.",Positive,Customer Service
delivery was tolerable.,Neutral,Delivery
"App keeps crashing, good experience.",Positive,App/Website
"They ignored my emails, unbeatable support!",Positive,Customer Service
"Support replied immediately, bad service!",Negative,Customer Service
pricing is absolutely loved.,Positive,Pricing
Customer service was mediocre.,Neutral,Customer Service
The app is subpar.,Negative,App/Website
Pricing is absolutely good!,Positive,Pricing
The build material is marvelous!,Positive,Product Quality
Logistics and shipping speed were poor!,Negative,Delivery
pricing is absolutely horrendous.,Negative,Pricing
the support team is magnificent.,Positive,Customer Service
Delivery was broken.,Negative,Delivery
I found the item to be bland.,Neutral,Product Quality
"They ignored my emails, breathtaking support.",Positive,Customer Service
pricing is absolutely bland.,Neutral,Pricing
the user interface is awesome.,Positive,App/Website
the build material is revolting.,Negative,Product Quality
"App keeps crashing, poor experience!",Negative,App/Website
"this product is exactly what i expected, absolutely unremarkable.",Neutral,Product Quality
Shipping was adequate.,Neutral,Delivery
The price is run-of-the-mill.,Neutral,Pricing
Shipping was horrendous!,Negative,Delivery
"App keeps crashing, pathetic experience!",Negative,App/Website
the website is excellent.,Positive,App/Website
"for the cost, this is abysmal.",Negative,Pricing
"app keeps crashing, disappointing experience.",Negative,App/Website
customer service was fine.,Neutral,Customer Service
shipping was okay.,Neutral,Delivery
Quality is decent.,Neutral,Product Quality
Navigation is so-so!,Neutral,App/Website
The build material is fair.,Neutral,Product Quality
The package arrived worst.,Negative,Delivery
The price is decent.,Neutral,Pricing
"App keeps crashing, unremarkable experience!",Neutral,App/Website
Customer service was undistinguished!,Neutral,Customer Service
"this product is exactly what i expected, absolutely outstanding.",Positive,Product Quality
Logistics and shipping speed were lackluster!,Neutral,Delivery
The price is decent!,Neutral,Pricing
"Honestly, the product feels unparalleled!",Positive,Product Quality
"For the cost, this is unremarkable!",Neutral,Pricing
the build material is passable.,Neutral,Product Quality
Pricing is absolutely atrocious.,Negative,Pricing
Shipping was poor.,Negative,Delivery
Quality is superb.,Positive,Product Quality
Logistics and shipping speed were exceptional.,Positive,Delivery
shipping was horrible.,Negative,Delivery
The build material is horrendous!,Negative,Product Quality
The build material is passable.,Neutral,Product Quality
The user interface is disappointing.,Negative,App/Website
value for money is atrocious.,Negative,Pricing
"It is too expensive, exquisite value.",Positive,Pricing
Logistics and shipping speed were mediocre!,Neutral,Delivery
"honestly, the product feels abysmal.",Negative,Product Quality
The support team is disappointing.,Negative,Customer Service
The package arrived impressive!,Positive,Delivery
"for the cost, this is outstanding.",Positive,Pricing
Delivery was trash.,Negative,Delivery
Delivery was horrendous!,Negative,Delivery
"Honestly, the product feels cheap!",Negative,Product Quality
pricing is absolutely superlative.,Positive,Pricing
"It took forever to arrive, poor shipping!",Negative,Delivery
"They ignored my emails, subpar support!",Negative,Customer Service
"they ignored my emails, subpar support.",Negative,Customer Service
Shipping was cheap!,Negative,Delivery
Shipping was decent!,Neutral,Delivery
"This product is exactly what I expected, absolutely adequate.",Neutral,Product Quality
Delivery was abysmal!,Negative,Delivery
Customer service was glorious.,Positive,Customer Service
The support team is hate!,Negative,Customer Service
The website is lackluster!,Neutral,App/Website
I found the item to be stellar.,Positive,Product Quality
The price is terrible.,Negative,Pricing
customer service was disappointing.,Negative,Customer Service
The app is unbearable!,Negative,App/Website
Shipping was cheap.,Negative,Delivery
"This product is exactly what I expected, absolutely bad.",Negative,Product Quality
"Support replied immediately, perfect service!",Positive,Customer Service
"for the cost, this is flawless.",Positive,Pricing
"They ignored my emails, unparalleled support.",Positive,Customer Service
"Support replied immediately, defective service!",Negative,Customer Service
"App keeps crashing, passable experience!",Neutral,App/Website
the user interface is brilliant.,Positive,App/Website
Value for money is acceptable.,Neutral,Pricing
i found the item to be bad.,Negative,Product Quality
"This product is exactly what I expected, absolutely great!",Positive,Product Quality
The product is horrible.,Negative,Product Quality
The build material is first-rate.,Positive,Product Quality
"support replied immediately, fantastic service.",Positive,Customer Service
"app keeps crashing, subpar experience.",Negative,App/Website
"support replied immediately, terrible service.",Negative,Customer Service
the support team is standard.,Neutral,Customer Service
The app is fair.,Neutral,App/Website
"they ignored my emails, garbage support.",Negative,Customer Service
"For the cost, this is broken!",Negative,Pricing
navigation is love.,Positive,App/Website
"it is too expensive, impressive value.",Positive,Pricing
my experience with the agent was exceptional.,Positive,Customer Service
The user interface is lackluster.,Neutral,App/Website
the build material is hated.,Negative,Product Quality
i found the item to be fantastic.,Positive,Product Quality
pricing is absolutely lousy.,Negative,Pricing
Logistics and shipping speed were inadequate.,Negative,Delivery
"Honestly, the product feels inferior!",Negative,Product Quality
the product is dreadful.,Negative,Product Quality
navigation is fine.,Neutral,App/Website
the package arrived decent.,Neutral,Delivery
"Support replied immediately, garbage service.",Negative,Customer Service
the package arrived lackluster.,Neutral,Delivery
"Honestly, the product feels useless.",Negative,Product Quality
Value for money is so-so.,Neutral,Pricing
"Honestly, the product feels disgusting!",Negative,Product Quality
"It is too expensive, glorious value!",Positive,Pricing
navigation is pathetic.,Negative,App/Website
"It is too expensive, magnificent value.",Positive,Pricing
The build material is poor!,Negative,Product Quality
The user interface is superlative!,Positive,App/Website
"App keeps crashing, unparalleled experience!",Positive,App/Website
"They ignored my emails, loved support!",Positive,Customer Service
The support team is appalling!,Negative,Customer Service
shipping was phenomenal.,Positive,Delivery
Quality is pathetic!,Negative,Product Quality
The user interface is awesome!,Positive,App/Website
"This product is exactly what I expected, absolutely magnificent!",Positive,Product Quality
"they ignored my emails, superb support.",Positive,Customer Service
The package arrived unparalleled.,Positive,Delivery
"Honestly, the product feels brilliant.",Positive,Product Quality
the website is exquisite.,Positive,App/Website
The package arrived wonderful!,Positive,Delivery
quality is unbearable.,Negative,Product Quality
The app is bland!,Neutral,App/Website
The app is top-notch!,Positive,App/Website
My experience with the agent was terrible!,Negative,Customer Service
value for money is hated.,Negative,Pricing
Navigation is superlative.,Positive,App/Website
Logistics and shipping speed were awful.,Negative,Delivery
I found the item to be decent!,Neutral,Product Quality
The website is perfect!,Positive,App/Website
value for money is lousy.,Negative,Pricing
Navigation is lackluster!,Neutral,App/Website
The support team is hate.,Negative,Customer Service
The package arrived top-notch.,Positive,Delivery
The user interface is wonderful!,Positive,App/Website
The build material is revolting.,Negative,Product Quality
Delivery was great!,Positive,Delivery
The user interface is wonderful.,Positive,App/Website
The user interface is garbage!,Negative,App/Website
"Honestly, the product feels decent.",Neutral,Product Quality
Logistics and shipping speed were horrendous.,Negative,Delivery
The package arrived horrible.,Negative,Delivery
the user interface is subpar.,Negative,App/Website
logistics and shipping speed were magnificent.,Positive,Delivery
"It is too expensive, glorious value.",Positive,Pricing
The product is awful.,Negative,Product Quality
i found the item to be worst.,Negative,Product Quality
Navigation is breathtaking.,Positive,App/Website
Delivery was first-rate.,Positive,Delivery
"app keeps crashing, mediocre experience.",Neutral,App/Website
Pricing is absolutely pathetic.,Negative,Pricing
Quality is vile!,Negative,Product Quality
The product is first-rate!,Positive,Product Quality
"Honestly, the product feels horrendous.",Negative,Product Quality
"App keeps crashing, horrendous experience!",Negative,App/Website
Logistics and shipping speed were exquisite.,Positive,Delivery
delivery was bland.,Neutral,Delivery
"Support replied immediately, splendid service!",Positive,Customer Service
"it took forever to arrive, inferior shipping.",Negative,Delivery
the app is standard.,Neutral,App/Website
customer service was atrocious.,Negative,Customer Service
"they ignored my emails, disgusting support.",Negative,Customer Service
quality is unacceptable.,Negative,Product Quality
Navigation is so-so.,Neutral,App/Website
the build material is bad.,Negative,Product Quality
The support team is decent.,Neutral,Customer Service
Shipping was broken!,Negative,Delivery
"This product is exactly what I expected, absolutely perfect.",Positive,Product Quality
The app is flawless.,Positive,App/Website
the app is inadequate.,Negative,App/Website
Delivery was okay!,Neutral,Delivery
shipping was ok.,Neutral,Delivery
value for money is appalling.,Negative,Pricing
Value for money is exceptional!,Positive,Pricing
Shipping was stellar!,Positive,Delivery
The package arrived vile!,Negative,Delivery
delivery was unbearable.,Negative,Delivery
navigation is ok.,Neutral,App/Website
Customer service was hate.,Negative,Customer Service
The website is good!,Positive,App/Website
"App keeps crashing, fine experience!",Neutral,App/Website
Delivery was passable!,Neutral,Delivery
The product is broken.,Negative,Product Quality
logistics and shipping speed were superlative.,Positive,Delivery
The build material is loved!,Positive,Product Quality
Value for money is unbeatable!,Positive,Pricing
Logistics and shipping speed were unacceptable!,Negative,Delivery
The price is middle-of-the-road.,Neutral,Pricing
The website is top-notch!,Positive,App/Website
The user interface is magnificent!,Positive,App/Website
"For the cost, this is immaculate!",Positive,Pricing
Quality is top-notch!,Positive,Product Quality
"App keeps crashing, lackluster experience.",Neutral,App/Website
The website is magnificent!,Positive,App/Website
"App keeps crashing, hated experience.",Negative,App/Website
"they ignored my emails, great support.",Positive,Customer Service
Logistics and shipping speed were lousy.,Negative,Delivery
the website is love.,Positive,App/Website
pricing is absolutely inferior.,Negative,Pricing
The app is brilliant.,Positive,App/Website
"it is too expensive, brilliant value.",Positive,Pricing
value for money is awesome.,Positive,Pricing
The app is deplorable!,Negative,App/Website
"App keeps crashing, horrible experience.",Negative,App/Website
Shipping was passable.,Neutral,Delivery
the user interface is horrible.,Negative,App/Website
Pricing is absolutely hate!,Negative,Pricing
navigation is horrendous.,Negative,App/Website
Quality is awesome!,Positive,Product Quality
My experience with the agent was fantastic.,Positive,Customer Service
logistics and shipping speed were unremarkable.,Neutral,Delivery
shipping was splendid.,Positive,Delivery
"This product is exactly what I expected, absolutely broken!",Negative,Product Quality
"Support replied immediately, stellar service.",Positive,Customer Service
"It is too expensive, unacceptable value!",Negative,Pricing
The build material is unremarkable!,Neutral,Product Quality
quality is disappointing.,Negative,Product Quality
Customer service was worst.,Negative,Customer Service
I found the item to be brilliant.,Positive,Product Quality
The support team is perfect.,Positive,Customer Service
The product is fantastic.,Positive,Product Quality
Pricing is absolutely bad.,Negative,Pricing
"Honestly, the product feels perfect!",Positive,Product Quality
The product is fantastic!,Positive,Product Quality
My experience with the agent was so-so!,Neutral,Customer Service
"they ignored my emails, flawless support.",Positive,Customer Service
Quality is pathetic.,Negative,Product Quality
"it is too expensive, pathetic value.",Negative,Pricing
delivery was exceptional.,Positive,Delivery
quality is deplorable.,Negative,Product Quality
Quality is splendid!,Positive,Product Quality
delivery was unremarkable.,Neutral,Delivery
Shipping was top-notch!,Positive,Delivery
"Honestly, the product feels atrocious!",Negative,Product Quality
Logistics and shipping speed were abysmal.,Negative,Delivery
The product is deplorable.,Negative,Product Quality
shipping was garbage.,Negative,Delivery
delivery was garbage.,Negative,Delivery
quality is dreadful.,Negative,Product Quality
Value for money is first-rate.,Positive,Pricing
The website is fine!,Neutral,App/Website
"App keeps crashing, exceptional experience!",Positive,App/Website
The build material is repulsive.,Negative,Product Quality
Shipping was undistinguished.,Neutral,Delivery
logistics and shipping speed were immaculate.,Positive,Delivery
delivery was abysmal.,Negative,Delivery
"It took forever to arrive, dreadful shipping!",Negative,Delivery
"For the cost, this is acceptable.",Neutral,Pricing
the product is trash.,Negative,Product Quality
the app is unparalleled.,Positive,App/Website
shipping was trash.,Negative,Delivery
Pricing is absolutely immaculate.,Positive,Pricing
"This product is exactly what I expected, absolutely poor.",Negative,Product Quality
"For the cost, this is passable!",Neutral,Pricing
I found the item to be broken.,Negative,Product Quality
Value for money is useless!,Negative,Pricing
The user interface is inadequate!,Negative,App/Website
The price is immaculate!,Positive,Pricing
Pricing is absolutely hate.,Negative,Pricing
navigation is unbeatable.,Positive,App/Website
Shipping was unbeatable!,Positive,Delivery
"It took forever to arrive, standard shipping!",Neutral,Delivery
quality is immaculate.,Positive,Product Quality
The product is breathtaking.,Positive,Product Quality
value for money is exceptional.,Positive,Pricing
"support replied immediately, horrendous service.",Negative,Customer Service
The package arrived bad!,Negative,Delivery
Navigation is revolting.,Negative,App/Website
I found the item to be impressive!,Positive,Product Quality
"support replied immediately, okay service.",Neutral,Customer Service
Logistics and shipping speed were stellar.,Positive,Delivery
The app is unparalleled!,Positive,App/Website
"It took forever to arrive, acceptable shipping.",Neutral,Delivery
Logistics and shipping speed were fair!,Neutral,Delivery
Navigation is fantastic!,Positive,App/Website
Navigation is dreadful!,Negative,App/Website
Pricing is absolutely bland!,Neutral,Pricing
The support team is inadequate!,Negative,Customer Service
delivery was standard.,Neutral,Delivery
"They ignored my emails, hated support.",Negative,Customer Service
Logistics and shipping speed were average.,Neutral,Delivery
"this product is exactly what i expected, absolutely inadequate.",Negative,Product Quality
"They ignored my emails, flawless support.",Positive,Customer Service
"For the cost, this is outstanding!",Positive,Pricing
"honestly, the product feels okay.",Neutral,Product Quality
"Honestly, the product feels ok!",Neutral,Product Quality
quality is fair.,Neutral,Product Quality
navigation is inadequate.,Negative,App/Website
"this product is exactly what i expected, absolutely fantastic.",Positive,Product Quality
"Support replied immediately, repulsive service!",Negative,Customer Service
navigation is exquisite.,Positive,App/Website
"for the cost, this is appalling.",Negative,Pricing
Navigation is trash.,Negative,App/Website
"Honestly, the product feels first-rate.",Positive,Product Quality
"App keeps crashing, repulsive experience.",Negative,App/Website
the product is exquisite.,Positive,Product Quality
The support team is amazing!,Positive,Customer Service
The build material is wonderful!,Positive,Product Quality
"This product is exactly what I expected, absolutely hate.",Negative,Product Quality
logistics and shipping speed were perfect.,Positive,Delivery
the user interface is defective.,Negative,App/Website
The website is first-rate.,Positive,App/Website
"Support replied immediately, fair service.",Neutral,Customer Service
"Honestly, the product feels passable.",Neutral,Product Quality
the app is defective.,Negative,App/Website
The package arrived appalling!,Negative,Delivery
"For the cost, this is defective.",Negative,Pricing
"honestly, the product feels deplorable.",Negative,Product Quality
Pricing is absolutely broken!,Negative,Pricing
"Honestly, the product feels lackluster.",Neutral,Product Quality
"App keeps crashing, stellar experience.",Positive,App/Website
"App keeps crashing, excellent experience!",Positive,App/Website
The support team is ok!,Neutral,Customer Service
"app keeps crashing, love experience.",Positive,App/Website
pricing is absolutely awesome.,Positive,Pricing
customer service was acceptable.,Neutral,Customer Service
The app is top-notch.,Positive,App/Website
delivery was decent.,Neutral,Delivery
My experience with the agent was horrible.,Negative,Customer Service
The product is abysmal!,Negative,Product Quality
"honestly, the product feels exceptional.",Positive,Product Quality
The price is garbage.,Negative,Pricing
"for the cost, this is undistinguished.",Neutral,Pricing
the user interface is appalling.,Negative,App/Website
Shipping was lackluster.,Neutral,Delivery
My experience with the agent was worst!,Negative,Customer Service
"for the cost, this is vile.",Negative,Pricing
the app is top-notch.,Positive,App/Website
The support team is phenomenal!,Positive,Customer Service
Pricing is absolutely garbage.,Negative,Pricing
The support team is stellar.,Positive,Customer Service
Delivery was fine!,Neutral,Delivery
"It is too expensive, unbeatable value.",Positive,Pricing
"Support replied immediately, lousy service!",Negative,Customer Service
the build material is excellent.,Positive,Product Quality
Pricing is absolutely excellent.,Positive,Pricing
customer service was dreadful.,Negative,Customer Service
The website is awful.,Negative,App/Website
"Support replied immediately, unbeatable service!",Positive,Customer Service
The website is middle-of-the-road.,Neutral,App/Website
my experience with the agent was phenomenal.,Positive,Customer Service
the app is perfect.,Positive,App/Website
value for money is inferior.,Negative,Pricing
"it took forever to arrive, hate shipping.",Negative,Delivery
"for the cost, this is inferior.",Negative,Pricing
"It took forever to arrive, broken shipping!",Negative,Delivery
"it is too expensive, cheap value.",Negative,Pricing
quality is lousy.,Negative,Product Quality
Pricing is absolutely terrible.,Negative,Pricing
the support team is disappointing.,Negative,Customer Service
Shipping was vile.,Negative,Delivery
"Honestly, the product feels worst.",Negative,Product Quality
"they ignored my emails, tolerable support.",Neutral,Customer Service
delivery was defective.,Negative,Delivery
I found the item to be love!,Positive,Product Quality
The product is lackluster!,Neutral,Product Quality
The user interface is flawless!,Positive,App/Website
navigation is magnificent.,Positive,App/Website
My experience with the agent was inferior.,Negative,Customer Service
The product is acceptable.,Neutral,Product Quality
Navigation is vile!,Negative,App/Website
"This product is exactly what I expected, absolutely bland.",Neutral,Product Quality
Delivery was tolerable!,Neutral,Delivery
"it is too expensive, terrible value.",Negative,Pricing
"It is too expensive, revolting value.",Negative,Pricing
Logistics and shipping speed were marvelous!,Positive,Delivery
the website is stellar.,Positive,App/Website
The website is disgusting.,Negative,App/Website
i found the item to be hated.,Negative,Product Quality
"It took forever to arrive, amazing shipping!",Positive,Delivery
Logistics and shipping speed were marvelous.,Positive,Delivery
"App keeps crashing, bland experience!",Neutral,App/Website
Navigation is top-notch!,Positive,App/Website
The website is horrendous.,Negative,App/Website
navigation is immaculate.,Positive,App/Website
The user interface is unacceptable!,Negative,App/Website
Value for money is horrible.,Negative,Pricing
the package arrived superlative.,Positive,Delivery
"Support replied immediately, inadequate service!",Negative,Customer Service
"They ignored my emails, inadequate support!",Negative,Customer Service
"This product is exactly what I expected, absolutely disgusting.",Negative,Product Quality
The user interface is defective.,Negative,App/Website
"It is too expensive, loved value.",Positive,Pricing
the product is decent.,Neutral,Product Quality
the support team is garbage.,Negative,Customer Service
"this product is exactly what i expected, absolutely brilliant.",Positive,Product Quality
quality is exquisite.,Positive,Product Quality
Delivery was unbeatable.,Positive,Delivery
the website is fantastic.,Positive,App/Website
the app is bad.,Negative,App/Website
The price is revolting!,Negative,Pricing
My experience with the agent was loved!,Positive,Customer Service
The user interface is fantastic!,Positive,App/Website
The website is repulsive.,Negative,App/Website
the support team is awesome.,Positive,Customer Service
Quality is marvelous.,Positive,Product Quality
Value for money is awesome!,Positive,Pricing
Delivery was trash!,Negative,Delivery
Navigation is excellent!,Positive,App/Website
"It is too expensive, superb value!",Positive,Pricing
Value for money is adequate.,Neutral,Pricing
The app is standard.,Neutral,App/Website
The website is disgusting!,Negative,App/Website
The support team is unparalleled!,Positive,Customer Service
Logistics and shipping speed were okay.,Neutral,Delivery
"For the cost, this is run-of-the-mill!",Neutral,Pricing
The website is breathtaking!,Positive,App/Website
The support team is fair!,Neutral,Customer Service
Pricing is absolutely worst!,Negative,Pricing
"App keeps crashing, inferior experience.",Negative,App/Website
"This product is exactly what I expected, absolutely terrible.",Negative,Product Quality
"it took forever to arrive, decent shipping.",Neutral,Delivery
The price is flawless!,Positive,Pricing
"For the cost, this is loved.",Positive,Pricing
"This product is exactly what I expected, absolutely dreadful!",Negative,Product Quality
The website is flawless!,Positive,App/Website
Navigation is trash!,Negative,App/Website
Navigation is pathetic!,Negative,App/Website
"This product is exactly what I expected, absolutely awesome!",Positive,Product Quality
"This product is exactly what I expected, absolutely outstanding.",Positive,Product Quality
the user interface is tolerable.,Neutral,App/Website
navigation is superlative.,Positive,App/Website
"for the cost, this is good.",Positive,Pricing
The user interface is average!,Neutral,App/Website
"App keeps crashing, hate experience!",Negative,App/Website
the price is atrocious.,Negative,Pricing
My experience with the agent was tolerable!,Neutral,Customer Service
"For the cost, this is disgusting.",Negative,Pricing
i found the item to be lackluster.,Neutral,Product Quality
"Support replied immediately, average service.",Neutral,Customer Service
quality is awesome.,Positive,Product Quality
The user interface is impressive.,Positive,App/Website
my experience with the agent was unacceptable.,Negative,Customer Service
The website is poor!,Negative,App/Website
"It is too expensive, outstanding value.",Positive,Pricing
value for money is ok.,Neutral,Pricing
"Honestly, the product feels ok.",Neutral,Product Quality
quality is decent.,Neutral,Product Quality
My experience with the agent was first-rate!,Positive,Customer Service
"Honestly, the product feels abysmal.",Negative,Product Quality
The product is excellent.,Positive,Product Quality
The app is exquisite.,Positive,App/Website
"It is too expensive, stellar value!",Positive,Pricing
"app keeps crashing, pathetic experience.",Negative,App/Website
Quality is first-rate.,Positive,Product Quality
The website is useless.,Negative,App/Website
"it took forever to arrive, ok shipping.",Neutral,Delivery
Value for money is immaculate.,Positive,Pricing
customer service was cheap.,Negative,Customer Service
"They ignored my emails, outstanding support.",Positive,Customer Service
Pricing is absolutely ok!,Neutral,Pricing
I found the item to be inadequate.,Negative,Product Quality
The build material is standard!,Neutral,Product Quality
my experience with the agent was fair.,Neutral,Customer Service
logistics and shipping speed were disgusting.,Negative,Delivery
"App keeps crashing, unbearable experience!",Negative,App/Website
"For the cost, this is subpar!",Negative,Pricing
Quality is mediocre!,Neutral,Product Quality
"this product is exactly what i expected, absolutely appalling.",Negative,Product Quality
"Honestly, the product feels unbeatable!",Positive,Product Quality
"This product is exactly what I expected, absolutely trash.",Negative,Product Quality
Logistics and shipping speed were so-so.,Neutral,Delivery
the price is passable.,Neutral,Pricing
delivery was ok.,Neutral,Delivery
Shipping was glorious!,Positive,Delivery
"Honestly, the product feels fine.",Neutral,Product Quality
the website is poor.,Negative,App/Website
the support team is stellar.,Positive,Customer Service
the support team is bad.,Negative,Customer Service
The build material is unbeatable.,Positive,Product Quality
The build material is lackluster!,Neutral,Product Quality
"Honestly, the product feels horrible!",Negative,Product Quality
"This product is exactly what I expected, absolutely deplorable!",Negative,Product Quality
"It took forever to arrive, fantastic shipping.",Positive,Delivery
"honestly, the product feels average.",Neutral,Product Quality
"Honestly, the product feels flawless!",Positive,Product Quality
The build material is defective.,Negative,Product Quality
"They ignored my emails, dreadful support.",Negative,Customer Service
the package arrived atrocious.,Negative,Delivery
"it took forever to arrive, love shipping.",Positive,Delivery
Shipping was disgusting!,Negative,Delivery
Logistics and shipping speed were unremarkable!,Neutral,Delivery
The support team is fair.,Neutral,Customer Service
"they ignored my emails, defective support.",Negative,Customer Service
The package arrived unparalleled!,Positive,Delivery
Shipping was disappointing!,Negative,Delivery
The package arrived top-notch!,Positive,Delivery
My experience with the agent was lackluster!,Neutral,Customer Service
The app is tolerable.,Neutral,App/Website
"It is too expensive, broken value!",Negative,Pricing
"Support replied immediately, horrendous service!",Negative,Customer Service
Customer service was poor!,Negative,Customer Service
Pricing is absolutely horrible!,Negative,Pricing
The support team is unremarkable.,Neutral,Customer Service
I found the item to be standard!,Neutral,Product Quality
"it is too expensive, immaculate value.",Positive,Pricing
"For the cost, this is bland.",Neutral,Pricing
navigation is average.,Neutral,App/Website
Navigation is impressive!,Positive,App/Website
i found the item to be awesome.,Positive,Product Quality
the support team is okay.,Neutral,Customer Service
the build material is decent.,Neutral,Product Quality
"they ignored my emails, brilliant support.",Positive,Customer Service
"support replied immediately, good service.",Positive,Customer Service
"It took forever to arrive, bland shipping.",Neutral,Delivery
value for money is great.,Positive,Pricing
The package arrived awesome!,Positive,Delivery
"Honestly, the product feels exquisite.",Positive,Product Quality
"it is too expensive, garbage value.",Negative,Pricing
the website is perfect.,Positive,App/Website
The support team is lousy.,Negative,Customer Service
The app is breathtaking!,Positive,App/Website
"it took forever to arrive, impressive shipping.",Positive,Delivery
"Support replied immediately, unparalleled service.",Positive,Customer Service
i found the item to be undistinguished.,Neutral,Product Quality
"Honestly, the product feels fantastic!",Positive,Product Quality
Value for money is bland!,Neutral,Pricing
logistics and shipping speed were garbage.,Negative,Delivery
value for money is fair.,Neutral,Pricing
the product is mediocre.,Neutral,Product Quality
"App keeps crashing, bad experience!",Negative,App/Website
"It is too expensive, bad value!",Negative,Pricing
Shipping was dreadful.,Negative,Delivery
"For the cost, this is subpar.",Negative,Pricing
The package arrived worst!,Negative,Delivery
The support team is superlative!,Positive,Customer Service
pricing is absolutely trash.,Negative,Pricing
The user interface is exquisite.,Positive,App/Website
My experience with the agent was average.,Neutral,Customer Service
customer service was bad.,Negative,Customer Service
"it is too expensive, excellent value.",Positive,Pricing
Delivery was disgusting.,Negative,Delivery
My experience with the agent was useless.,Negative,Customer Service
"It is too expensive, brilliant value.",Positive,Pricing
Shipping was first-rate.,Positive,Delivery
logistics and shipping speed were glorious.,Positive,Delivery
"it is too expensive, abysmal value.",Negative,Pricing
"Honestly, the product feels splendid.",Positive,Product Quality
"For the cost, this is splendid.",Positive,Pricing
"honestly, the product feels loved.",Positive,Product Quality
The price is tolerable.,Neutral,Pricing
"It is too expensive, exquisite value!",Positive,Pricing
"It took forever to arrive, stellar shipping!",Positive,Delivery
The package arrived run-of-the-mill!,Neutral,Delivery
Logistics and shipping speed were useless!,Negative,Delivery
the product is hated.,Negative,Product Quality
Shipping was decent.,Neutral,Delivery
"Support replied immediately, dreadful service!",Negative,Customer Service
value for money is excellent.,Positive,Pricing
The package arrived love!,Positive,Delivery
The build material is abysmal!,Negative,Product Quality
Customer service was defective!,Negative,Customer Service
delivery was so-so.,Neutral,Delivery
The package arrived superb.,Positive,Delivery
my experience with the agent was okay.,Neutral,Customer Service
Value for money is good.,Positive,Pricing
"they ignored my emails, terrible support.",Negative,Customer Service
"They ignored my emails, garbage support.",Negative,Customer Service
quality is bad.,Negative,Product Quality
"They ignored my emails, immaculate support!",Positive,Customer Service
the product is average.,Neutral,Product Quality
"it is too expensive, inferior value.",Negative,Pricing
My experience with the agent was good.,Positive,Customer Service
"App keeps crashing, lackluster experience!",Neutral,App/Website
shipping was first-rate.,Positive,Delivery
value for money is bland.,Neutral,Pricing
"Support replied immediately, disgusting service.",Negative,Customer Service
Customer service was subpar.,Negative,Customer Service
my experience with the agent was mediocre.,Neutral,Customer Service
"honestly, the product feels middle-of-the-road.",Neutral,Product Quality
Navigation is unparalleled!,Positive,App/Website
Delivery was exceptional.,Positive,Delivery
Quality is revolting.,Negative,Product Quality
Shipping was unbeatable.,Positive,Delivery
"Support replied immediately, disappointing service.",Negative,Customer Service
The package arrived atrocious.,Negative,Delivery
The package arrived average!,Neutral,Delivery
customer service was trash.,Negative,Customer Service
The website is cheap.,Negative,App/Website
My experience with the agent was dreadful!,Negative,Customer Service
Quality is undistinguished.,Neutral,Product Quality
I found the item to be immaculate!,Positive,Product Quality
Not great.,Negative,General
shipping was revolting.,Negative,Delivery
I found the item to be bland!,Neutral,Product Quality
"this product is exactly what i expected, absolutely deplorable.",Negative,Product Quality
The support team is unbeatable.,Positive,Customer Service
"it is too expensive, flawless value.",Positive,Pricing
I found the item to be subpar.,Negative,Product Quality
the app is awful.,Negative,App/Website
pricing is absolutely bad.,Negative,Pricing
"This product is exactly what I expected, absolutely impressive!",Positive,Product Quality
the website is decent.,Neutral,App/Website
the website is cheap.,Negative,App/Website
"It took forever to arrive, perfect shipping.",Positive,Delivery
The app is fair!,Neutral,App/Website
customer service was exquisite.,Positive,Customer Service
the price is defective.,Negative,Pricing
"support replied immediately, tolerable service.",Neutral,Customer Service
Quality is acceptable.,Neutral,Product Quality
"honestly, the product feels unbearable.",Negative,Product Quality
"app keeps crashing, first-rate experience.",Positive,App/Website
logistics and shipping speed were average.,Neutral,Delivery
logistics and shipping speed were repulsive.,Negative,Delivery
Delivery was hate!,Negative,Delivery
"It took forever to arrive, inferior shipping!",Negative,Delivery
"for the cost, this is pathetic.",Negative,Pricing
The price is bland.,Neutral,Pricing
navigation is exceptional.,Positive,App/Website
value for money is passable.,Neutral,Pricing
"This product is exactly what I expected, absolutely average.",Neutral,Product Quality
Value for money is phenomenal!,Positive,Pricing
"For the cost, this is horrible!",Negative,Pricing
Shipping was awesome.,Positive,Delivery
"This product is exactly what I expected, absolutely lousy!",Negative,Product Quality
Customer service was abysmal.,Negative,Customer Service
I found the item to be subpar!,Negative,Product Quality
Delivery was inferior.,Negative,Delivery
The support team is love.,Positive,Customer Service
"This product is exactly what I expected, absolutely revolting.",Negative,Product Quality
"They ignored my emails, atrocious support.",Negative,Customer Service
My experience with the agent was amazing!,Positive,Customer Service
"this product is exactly what i expected, absolutely immaculate.",Positive,Product Quality
My experience with the agent was broken!,Negative,Customer Service
the price is first-rate.,Positive,Pricing
"It took forever to arrive, lackluster shipping.",Neutral,Delivery
"Support replied immediately, perfect service.",Positive,Customer Service
"Support replied immediately, pathetic service.",Negative,Customer Service
Value for money is terrible!,Negative,Pricing
customer service was first-rate.,Positive,Customer Service
I found the item to be outstanding.,Positive,Product Quality
"This product is exactly what I expected, absolutely magnificent.",Positive,Product Quality
The support team is deplorable.,Negative,Customer Service
"For the cost, this is fantastic!",Positive,Pricing
"app keeps crashing, okay experience.",Neutral,App/Website
Pricing is absolutely trash.,Negative,Pricing
"honestly, the product feels defective.",Negative,Product Quality
"For the cost, this is middle-of-the-road!",Neutral,Pricing
Navigation is good.,Positive,App/Website
My experience with the agent was impressive.,Positive,Customer Service
Quality is worst!,Negative,Product Quality
The price is unbearable.,Negative,Pricing
"they ignored my emails, inadequate support.",Negative,Customer Service
"It took forever to arrive, unremarkable shipping!",Neutral,Delivery
"For the cost, this is cheap.",Negative,Pricing
I found the item to be bad!,Negative,Product Quality
The app is garbage.,Negative,App/Website
delivery was first-rate.,Positive,Delivery
the price is broken.,Negative,Pricing
the support team is bland.,Neutral,Customer Service
shipping was standard.,Neutral,Delivery
"Support replied immediately, run-of-the-mill service!",Neutral,Customer Service
"It took forever to arrive, middle-of-the-road shipping!",Neutral,Delivery
Shipping was bad.,Negative,Delivery
"This product is exactly what I expected, absolutely worst!",Negative,Product Quality
The build material is adequate.,Neutral,Product Quality
value for money is unacceptable.,Negative,Pricing
Value for money is stellar!,Positive,Pricing
The product is vile.,Negative,Product Quality
Logistics and shipping speed were lousy!,Negative,Delivery
Value for money is lackluster!,Neutral,Pricing
"for the cost, this is breathtaking.",Positive,Pricing
"Support replied immediately, phenomenal service!",Positive,Customer Service
Shipping was appalling.,Negative,Delivery
"support replied immediately, unparalleled service.",Positive,Customer Service
Navigation is hate!,Negative,App/Website
The build material is glorious!,Positive,Product Quality
"honestly, the product feels disappointing.",Negative,Product Quality
The support team is defective.,Negative,Customer Service
Navigation is pathetic.,Negative,App/Website
logistics and shipping speed were unbeatable.,Positive,Delivery
delivery was outstanding.,Positive,Delivery
"This product is exactly what I expected, absolutely disgusting!",Negative,Product Quality
"For the cost, this is excellent!",Positive,Pricing
I found the item to be abysmal!,Negative,Product Quality
logistics and shipping speed were hated.,Negative,Delivery
"Support replied immediately, hated service!",Negative,Customer Service
the website is standard.,Neutral,App/Website
Navigation is great.,Positive,App/Website
The website is terrible.,Negative,App/Website
navigation is fair.,Neutral,App/Website
"They ignored my emails, okay support!",Neutral,Customer Service
"For the cost, this is perfect.",Positive,Pricing
The user interface is terrible!,Negative,App/Website
i found the item to be hate.,Negative,Product Quality
"App keeps crashing, perfect experience.",Positive,App/Website
customer service was hate.,Negative,Customer Service
my experience with the agent was undistinguished.,Neutral,Customer Service
Navigation is run-of-the-mill.,Neutral,App/Website
The support team is hated!,Negative,Customer Service
the build material is adequate.,Neutral,Product Quality
Navigation is marvelous!,Positive,App/Website
"this product is exactly what i expected, absolutely middle-of-the-road.",Neutral,Product Quality
my experience with the agent was horrible.,Negative,Customer Service
customer service was average.,Neutral,Customer Service
Pricing is absolutely so-so!,Neutral,Pricing
value for money is inadequate.,Negative,Pricing
"They ignored my emails, appalling support!",Negative,Customer Service
"This product is exactly what I expected, absolutely disappointing!",Negative,Product Quality
"this product is exactly what i expected, absolutely fair.",Neutral,Product Quality
Shipping was worst!,Negative,Delivery
"For the cost, this is magnificent!",Positive,Pricing
pricing is absolutely revolting.,Negative,Pricing
My experience with the agent was cheap.,Negative,Customer Service
"App keeps crashing, awesome experience!",Positive,App/Website
customer service was phenomenal.,Positive,Customer Service
The price is wonderful.,Positive,Pricing
"App keeps crashing, deplorable experience!",Negative,App/Website
"For the cost, this is terrible!",Negative,Pricing
my experience with the agent was standard.,Neutral,Customer Service
"they ignored my emails, hate support.",Negative,Customer Service
Quality is tolerable.,Neutral,Product Quality
Navigation is useless!,Negative,App/Website
The package arrived revolting.,Negative,Delivery
customer service was flawless.,Positive,Customer Service
The support team is okay!,Neutral,Customer Service
customer service was run-of-the-mill.,Neutral,Customer Service
"Honestly, the product feels unacceptable!",Negative,Product Quality
"Honestly, the product feels splendid!",Positive,Product Quality
the user interface is revolting.,Negative,App/Website
shipping was great.,Positive,Delivery
"For the cost, this is awesome!",Positive,Pricing
delivery was superb.,Positive,Delivery
The app is phenomenal!,Positive,App/Website
shipping was marvelous.,Positive,Delivery
"Honestly, the product feels disappointing.",Negative,Product Quality
I found the item to be outstanding!,Positive,Product Quality
My experience with the agent was flawless!,Positive,Customer Service
the app is middle-of-the-road.,Neutral,App/Website
"Honestly, the product feels lackluster!",Neutral,Product Quality
The package arrived vile.,Negative,Delivery
"Support replied immediately, flawless service!",Positive,Customer Service
I found the item to be brilliant!,Positive,Product Quality
"App keeps crashing, worst experience.",Negative,App/Website
The app is ok!,Neutral,App/Website
"It is too expensive, average value!",Neutral,Pricing
The user interface is adequate!,Neutral,App/Website
The support team is fantastic!,Positive,Customer Service
the website is worst.,Negative,App/Website
The app is bad!,Negative,App/Website
"For the cost, this is inadequate!",Negative,Pricing
delivery was great.,Positive,Delivery
"Support replied immediately, breathtaking service.",Positive,Customer Service
The product is unremarkable.,Neutral,Product Quality
My experience with the agent was decent!,Neutral,Customer Service
Customer service was tolerable!,Neutral,Customer Service
the product is fantastic.,Positive,Product Quality
The support team is cheap.,Negative,Customer Service
"It took forever to arrive, okay shipping.",Neutral,Delivery
my experience with the agent was poor.,Negative,Customer Service
The build material is dreadful!,Negative,Product Quality
i found the item to be appalling.,Negative,Product Quality
"honestly, the product feels bland.",Neutral,Product Quality
"It took forever to arrive, inadequate shipping!",Negative,Delivery
i found the item to be middle-of-the-road.,Neutral,Product Quality
"app keeps crashing, broken experience.",Negative,App/Website
Pricing is absolutely fantastic!,Positive,Pricing
Shipping was breathtaking!,Positive,Delivery
"Support replied immediately, deplorable service.",Negative,Customer Service
customer service was impressive.,Positive,Customer Service
logistics and shipping speed were revolting.,Negative,Delivery
logistics and shipping speed were abysmal.,Negative,Delivery
"For the cost, this is horrendous.",Negative,Pricing
"support replied immediately, awesome service.",Positive,Customer Service
The website is great!,Positive,App/Website
"This product is exactly what I expected, absolutely atrocious!",Negative,Product Quality
I found the item to be run-of-the-mill.,Neutral,Product Quality
Customer service was unremarkable.,Neutral,Customer Service
Shipping was unparalleled!,Positive,Delivery
"They ignored my emails, marvelous support!",Positive,Customer Service
the build material is inadequate.,Negative,Product Quality
the website is hate.,Negative,App/Website
"it took forever to arrive, subpar shipping.",Negative,Delivery
the product is unacceptable.,Negative,Product Quality
"For the cost, this is hated!",Negative,Pricing
"app keeps crashing, cheap experience.",Negative,App/Website
"For the cost, this is pathetic.",Negative,Pricing
customer service was useless.,Negative,Customer Service
The package arrived so-so.,Neutral,Delivery
"Honestly, the product feels exceptional!",Positive,Product Quality
i found the item to be disappointing.,Negative,Product Quality
The build material is average.,Neutral,Product Quality
"It is too expensive, phenomenal value!",Positive,Pricing
"Honestly, the product feels unbeatable.",Positive,Product Quality
"this product is exactly what i expected, absolutely repulsive.",Negative,Product Quality
The price is bland!,Neutral,Pricing
the package arrived acceptable.,Neutral,Delivery
"It is too expensive, repulsive value.",Negative,Pricing
my experience with the agent was subpar.,Negative,Customer Service
my experience with the agent was glorious.,Positive,Customer Service
value for money is revolting.,Negative,Pricing
"It took forever to arrive, magnificent shipping!",Positive,Delivery
Quality is awful!,Negative,Product Quality
i found the item to be glorious.,Positive,Product Quality
Customer service was unbearable.,Negative,Customer Service
"For the cost, this is breathtaking.",Positive,Pricing
"Honestly, the product feels repulsive.",Negative,Product Quality
"App keeps crashing, okay experience.",Neutral,App/Website
The user interface is defective!,Negative,App/Website
"It took forever to arrive, repulsive shipping!",Negative,Delivery
"This product is exactly what I expected, absolutely horrible.",Negative,Product Quality
The app is fantastic!,Positive,App/Website
"They ignored my emails, run-of-the-mill support.",Neutral,Customer Service
Customer service was brilliant!,Positive,Customer Service
value for money is so-so.,Neutral,Pricing
"it is too expensive, perfect value.",Positive,Pricing
the website is unparalleled.,Positive,App/Website
i found the item to be stellar.,Positive,Product Quality
"they ignored my emails, unbearable support.",Negative,Customer Service
"They ignored my emails, unacceptable support.",Negative,Customer Service
"App keeps crashing, middle-of-the-road experience!",Neutral,App/Website
Customer service was deplorable!,Negative,Customer Service
"They ignored my emails, top-notch support!",Positive,Customer Service
"App keeps crashing, loved experience!",Positive,App/Website
quality is excellent.,Positive,Product Quality
Shipping was magnificent!,Positive,Delivery
"This product is exactly what I expected, absolutely passable.",Neutral,Product Quality
The support team is marvelous.,Positive,Customer Service
The app is fine.,Neutral,App/Website
Customer service was breathtaking.,Positive,Customer Service
"it is too expensive, poor value.",Negative,Pricing
the build material is wonderful.,Positive,Product Quality
Delivery was garbage.,Negative,Delivery
the app is lackluster.,Neutral,App/Website
delivery was marvelous.,Positive,Delivery
The website is bland.,Neutral,App/Website
Quality is useless.,Negative,Product Quality
"app keeps crashing, bland experience.",Neutral,App/Website
delivery was top-notch.,Positive,Delivery
i found the item to be vile.,Negative,Product Quality
The user interface is love.,Positive,App/Website
the package arrived exceptional.,Positive,Delivery
the product is perfect.,Positive,Product Quality
My experience with the agent was worst.,Negative,Customer Service
"app keeps crashing, tolerable experience.",Neutral,App/Website
navigation is unbearable.,Negative,App/Website
"App keeps crashing, worst experience!",Negative,App/Website
"Support replied immediately, fantastic service!",Positive,Customer Service
the support team is appalling.,Negative,Customer Service
The app is average!,Neutral,App/Website
The package arrived decent!,Neutral,Delivery
"They ignored my emails, magnificent support!",Positive,Customer Service
I found the item to be okay.,Neutral,Product Quality
Quality is love.,Positive,Product Quality
"They ignored my emails, appalling support.",Negative,Customer Service
"For the cost, this is unremarkable.",Neutral,Pricing
i found the item to be atrocious.,Negative,Product Quality
customer service was superb.,Positive,Customer Service
delivery was cheap.,Negative,Delivery
"for the cost, this is exceptional.",Positive,Pricing
delivery was exquisite.,Positive,Delivery
Delivery was atrocious!,Negative,Delivery
Navigation is poor!,Negative,App/Website
"They ignored my emails, exquisite support.",Positive,Customer Service
"app keeps crashing, middle-of-the-road experience.",Neutral,App/Website
"This product is exactly what I expected, absolutely horrible!",Negative,Product Quality
The user interface is okay.,Neutral,App/Website
the user interface is disgusting.,Negative,App/Website
the website is okay.,Neutral,App/Website
The package arrived loved.,Positive,Delivery
the support team is acceptable.,Neutral,Customer Service
Delivery was so-so.,Neutral,Delivery
The price is unbeatable.,Positive,Pricing
Value for money is poor.,Negative,Pricing
The user interface is run-of-the-mill!,Neutral,App/Website
logistics and shipping speed were phenomenal.,Positive,Delivery
Navigation is middle-of-the-road!,Neutral,App/Website
"It took forever to arrive, fine shipping!",Neutral,Delivery
i found the item to be marvelous.,Positive,Product Quality
Value for money is unbearable!,Negative,Pricing
the price is bland.,Neutral,Pricing
"They ignored my emails, exquisite support!",Positive,Customer Service
"It took forever to arrive, horrible shipping!",Negative,Delivery
"Support replied immediately, dreadful service.",Negative,Customer Service
"honestly, the product feels atrocious.",Negative,Product Quality
Logistics and shipping speed were unbearable.,Negative,Delivery
The app is defective!,Negative,App/Website
Quality is decent!,Neutral,Product Quality
"It is too expensive, middle-of-the-road value.",Neutral,Pricing
Customer service was hated.,Negative,Customer Service
"it is too expensive, ok value.",Neutral,Pricing
the user interface is phenomenal.,Positive,App/Website
I found the item to be amazing!,Positive,Product Quality
Navigation is ok.,Neutral,App/Website
quality is garbage.,Negative,Product Quality
My experience with the agent was defective.,Negative,Customer Service
quality is exceptional.,Positive,Product Quality
The price is hated!,Negative,Pricing
Pricing is absolutely useless!,Negative,Pricing
The price is fantastic!,Positive,Pricing
shipping was acceptable.,Neutral,Delivery
"for the cost, this is brilliant.",Positive,Pricing
The user interface is broken!,Negative,App/Website
the user interface is horrendous.,Negative,App/Website
value for money is disappointing.,Negative,Pricing
"for the cost, this is first-rate.",Positive,Pricing
My experience with the agent was repulsive!,Negative,Customer Service
The website is hated!,Negative,App/Website
Shipping was exceptional!,Positive,Delivery
"App keeps crashing, fantastic experience!",Positive,App/Website
"For the cost, this is splendid!",Positive,Pricing
My experience with the agent was lousy!,Negative,Customer Service
the website is first-rate.,Positive,App/Website
"for the cost, this is trash.",Negative,Pricing
Navigation is decent!,Neutral,App/Website
My experience with the agent was terrible.,Negative,Customer Service
Navigation is terrible.,Negative,App/Website
Logistics and shipping speed were cheap.,Negative,Delivery
"They ignored my emails, standard support!",Neutral,Customer Service
The website is marvelous.,Positive,App/Website
Quality is passable!,Neutral,Product Quality
the package arrived appalling.,Negative,Delivery
The user interface is unremarkable.,Neutral,App/Website
Customer service was superlative!,Positive,Customer Service
"For the cost, this is decent.",Neutral,Pricing
quality is superlative.,Positive,Product Quality
"It took forever to arrive, middle-of-the-road shipping.",Neutral,Delivery
"They ignored my emails, inferior support.",Negative,Customer Service
Value for money is vile!,Negative,Pricing
Shipping was mediocre!,Neutral,Delivery
"It is too expensive, great value!",Positive,Pricing
The user interface is disgusting!,Negative,App/Website
"App keeps crashing, so-so experience!",Neutral,App/Website
The product is hated.,Negative,Product Quality
The price is average!,Neutral,Pricing
The app is marvelous.,Positive,App/Website
Customer service was lousy.,Negative,Customer Service
"Honestly, the product feels stellar!",Positive,Product Quality
"it is too expensive, awesome value.",Positive,Pricing
Pricing is absolutely outstanding.,Positive,Pricing
"honestly, the product feels disgusting.",Negative,Product Quality
"Support replied immediately, poor service.",Negative,Customer Service
I found the item to be exquisite!,Positive,Product Quality
The package arrived bland!,Neutral,Delivery
The website is amazing.,Positive,App/Website
"it took forever to arrive, flawless shipping.",Positive,Delivery
The app is acceptable.,Neutral,App/Website
"This product is exactly what I expected, absolutely vile.",Negative,Product Quality
The support team is brilliant!,Positive,Customer Service
Pricing is absolutely unparalleled.,Positive,Pricing
I found the item to be defective.,Negative,Product Quality
delivery was terrible.,Negative,Delivery
"it is too expensive, trash value.",Negative,Pricing
shipping was breathtaking.,Positive,Delivery
"Support replied immediately, subpar service!",Negative,Customer Service
Customer service was breathtaking!,Positive,Customer Service
Shipping was disgusting.,Negative,Delivery
the app is phenomenal.,Positive,App/Website
Quality is perfect!,Positive,Product Quality
Customer service was poor.,Negative,Customer Service
"App keeps crashing, first-rate experience!",Positive,App/Website
The app is useless.,Negative,App/Website
my experience with the agent was love.,Positive,Customer Service
The website is hate!,Negative,App/Website
Pricing is absolutely appalling.,Negative,Pricing
"Support replied immediately, abysmal service.",Negative,Customer Service
quality is superb.,Positive,Product Quality
Shipping was disappointing.,Negative,Delivery
I found the item to be run-of-the-mill!,Neutral,Product Quality
Shipping was standard.,Neutral,Delivery
Pricing is absolutely superb!,Positive,Pricing
the price is tolerable.,Neutral,Pricing
"This product is exactly what I expected, absolutely abysmal!",Negative,Product Quality
"For the cost, this is unbeatable.",Positive,Pricing
"Honestly, the product feels bland.",Neutral,Product Quality
The support team is mediocre!,Neutral,Customer Service
The price is average.,Neutral,Pricing
Delivery was horrendous.,Negative,Delivery
Value for money is so-so!,Neutral,Pricing
"Support replied immediately, awesome service!",Positive,Customer Service
Logistics and shipping speed were bland.,Neutral,Delivery
The user interface is unbearable.,Negative,App/Website
"For the cost, this is unacceptable!",Negative,Pricing
The user interface is great.,Positive,App/Website
The support team is breathtaking!,Positive,Customer Service
the user interface is lackluster.,Neutral,App/Website
Customer service was repulsive!,Negative,Customer Service
Logistics and shipping speed were worst.,Negative,Delivery
"for the cost, this is perfect.",Positive,Pricing
delivery was lousy.,Negative,Delivery
Shipping was vile!,Negative,Delivery
logistics and shipping speed were wonderful.,Positive,Delivery
The user interface is poor.,Negative,App/Website
The package arrived middle-of-the-road.,Neutral,Delivery
"It is too expensive, immaculate value!",Positive,Pricing
Customer service was lackluster.,Neutral,Customer Service
logistics and shipping speed were horrendous.,Negative,Delivery
"they ignored my emails, awful support.",Negative,Customer Service
The user interface is standard.,Neutral,App/Website
"It took forever to arrive, run-of-the-mill shipping.",Neutral,Delivery
Logistics and shipping speed were deplorable!,Negative,Delivery
delivery was atrocious.,Negative,Delivery
The website is flawless.,Positive,App/Website
The support team is impressive.,Positive,Customer Service
"App keeps crashing, cheap experience.",Negative,App/Website
"support replied immediately, ok service.",Neutral,Customer Service
logistics and shipping speed were pathetic.,Negative,Delivery
The app is deplorable.,Negative,App/Website
"app keeps crashing, awful experience.",Negative,App/Website
shipping was average.,Neutral,Delivery
shipping was lackluster.,Neutral,Delivery
the support team is top-notch.,Positive,Customer Service
logistics and shipping speed were superb.,Positive,Delivery
"For the cost, this is okay!",Neutral,Pricing
"this product is exactly what i expected, absolutely ok.",Neutral,Product Quality
The build material is hated!,Negative,Product Quality
Value for money is deplorable.,Negative,Pricing
logistics and shipping speed were love.,Positive,Delivery
Delivery was unremarkable.,Neutral,Delivery
Delivery was middle-of-the-road!,Neutral,Delivery
The user interface is first-rate!,Positive,App/Website
"They ignored my emails, terrible support!",Negative,Customer Service
The package arrived standard.,Neutral,Delivery
the website is magnificent.,Positive,App/Website
The price is unbeatable!,Positive,Pricing
"for the cost, this is awesome.",Positive,Pricing
"They ignored my emails, tolerable support!",Neutral,Customer Service
the user interface is middle-of-the-road.,Neutral,App/Website
"App keeps crashing, fine experience.",Neutral,App/Website
The package arrived cheap.,Negative,Delivery
"It took forever to arrive, so-so shipping.",Neutral,Delivery
"Honestly, the product feels passable!",Neutral,Product Quality
the product is lackluster.,Neutral,Product Quality
The build material is pathetic!,Negative,Product Quality
The support team is atrocious.,Negative,Customer Service
value for money is breathtaking.,Positive,Pricing
"This product is exactly what I expected, absolutely awful!",Negative,Product Quality
Quality is unbearable.,Negative,Product Quality
"For the cost, this is bland!",Neutral,Pricing
my experience with the agent was atrocious.,Negative,Customer Service
"They ignored my emails, worst support!",Negative,Customer Service
Pricing is absolutely good.,Positive,Pricing
The support team is tolerable!,Neutral,Customer Service
Delivery was marvelous.,Positive,Delivery
navigation is vile.,Negative,App/Website
"Support replied immediately, broken service!",Negative,Customer Service
"for the cost, this is magnificent.",Positive,Pricing
Pricing is absolutely love!,Positive,Pricing
"it is too expensive, tolerable value.",Neutral,Pricing
Pricing is absolutely unacceptable.,Negative,Pricing
"this product is exactly what i expected, absolutely bland.",Neutral,Product Quality
Customer service was superb!,Positive,Customer Service
"This product is exactly what I expected, absolutely subpar.",Negative,Product Quality
"Support replied immediately, immaculate service!",Positive,Customer Service
The price is awesome!,Positive,Pricing
"it is too expensive, okay value.",Neutral,Pricing
"honestly, the product feels mediocre.",Neutral,Product Quality
Quality is outstanding!,Positive,Product Quality
The website is broken.,Negative,App/Website
"Support replied immediately, splendid service.",Positive,Customer Service
The website is cheap!,Negative,App/Website
"honestly, the product feels immaculate.",Positive,Product Quality
Delivery was stellar!,Positive,Delivery
"It took forever to arrive, lousy shipping.",Negative,Delivery
The build material is lousy!,Negative,Product Quality
the package arrived ok.,Neutral,Delivery
the build material is so-so.,Neutral,Product Quality
value for money is phenomenal.,Positive,Pricing
"this product is exactly what i expected, absolutely atrocious.",Negative,Product Quality
"It is too expensive, standard value.",Neutral,Pricing
"this product is exactly what i expected, absolutely bad.",Negative,Product Quality
My experience with the agent was unparalleled.,Positive,Customer Service
Value for money is tolerable.,Neutral,Pricing
The package arrived deplorable.,Negative,Delivery
I found the item to be disappointing.,Negative,Product Quality
Navigation is atrocious!,Negative,App/Website
The support team is disgusting!,Negative,Customer Service
The product is middle-of-the-road.,Neutral,Product Quality
pricing is absolutely middle-of-the-road.,Neutral,Pricing
Quality is flawless!,Positive,Product Quality
The support team is vile.,Negative,Customer Service
navigation is run-of-the-mill.,Neutral,App/Website
"app keeps crashing, brilliant experience.",Positive,App/Website
Shipping was inferior.,Negative,Delivery
"For the cost, this is undistinguished.",Neutral,Pricing
the website is trash.,Negative,App/Website
The website is lousy!,Negative,App/Website
the price is adequate.,Neutral,Pricing
"this product is exactly what i expected, absolutely wonderful.",Positive,Product Quality
The package arrived middle-of-the-road!,Neutral,Delivery
The support team is decent!,Neutral,Customer Service
the price is exquisite.,Positive,Pricing
the build material is subpar.,Negative,Product Quality
The website is love!,Positive,App/Website
the support team is mediocre.,Neutral,Customer Service
Delivery was okay.,Neutral,Delivery
Quality is broken.,Negative,Product Quality
the product is glorious.,Positive,Product Quality
The price is bad!,Negative,Pricing
the website is superlative.,Positive,App/Website
The support team is middle-of-the-road!,Neutral,Customer Service
"Honestly, the product feels awesome.",Positive,Product Quality
"this product is exactly what i expected, absolutely flawless.",Positive,Product Quality
The product is decent!,Neutral,Product Quality
Value for money is trash.,Negative,Pricing
The product is bland.,Neutral,Product Quality
Delivery was unparalleled!,Positive,Delivery
"Support replied immediately, breathtaking service!",Positive,Customer Service
the build material is breathtaking.,Positive,Product Quality
Delivery was outstanding!,Positive,Delivery
Logistics and shipping speed were perfect.,Positive,Delivery
"It took forever to arrive, disappointing shipping.",Negative,Delivery
Navigation is awful.,Negative,App/Website
"They ignored my emails, hate support.",Negative,Customer Service
I found the item to be acceptable.,Neutral,Product Quality
Delivery was fantastic!,Positive,Delivery
the website is great.,Positive,App/Website
"it is too expensive, broken value.",Negative,Pricing
I found the item to be marvelous!,Positive,Product Quality
Logistics and shipping speed were middle-of-the-road!,Neutral,Delivery
"app keeps crashing, deplorable experience.",Negative,App/Website
The price is splendid.,Positive,Pricing
"It took forever to arrive, pathetic shipping.",Negative,Delivery
Customer service was adequate!,Neutral,Customer Service
Quality is repulsive.,Negative,Product Quality
Delivery was pathetic!,Negative,Delivery
delivery was wonderful.,Positive,Delivery
the support team is lousy.,Negative,Customer Service
the price is subpar.,Negative,Pricing
value for money is exquisite.,Positive,Pricing
The app is glorious!,Positive,App/Website
My experience with the agent was hate!,Negative,Customer Service
the product is impressive.,Positive,Product Quality
Value for money is hate.,Negative,Pricing
my experience with the agent was exquisite.,Positive,Customer Service
Quality is garbage.,Negative,Product Quality
The price is stellar!,Positive,Pricing
Delivery was decent!,Neutral,Delivery
the user interface is undistinguished.,Neutral,App/Website
"it took forever to arrive, good shipping.",Positive,Delivery
Quality is horrendous!,Negative,Product Quality
"honestly, the product feels awful.",Negative,Product Quality
the website is splendid.,Positive,App/Website
quality is splendid.,Positive,Product Quality
The website is superlative.,Positive,App/Website
The product is trash!,Negative,Product Quality
Customer service was splendid.,Positive,Customer Service
The product is unbearable!,Negative,Product Quality
"Support replied immediately, tolerable service!",Neutral,Customer Service
"Honestly, the product feels subpar!",Negative,Product Quality
Navigation is standard!,Neutral,App/Website
the support team is perfect.,Positive,Customer Service
The price is worst!,Negative,Pricing
shipping was pathetic.,Negative,Delivery
my experience with the agent was unbearable.,Negative,Customer Service
the price is unbeatable.,Positive,Pricing
logistics and shipping speed were amazing.,Positive,Delivery
The app is excellent.,Positive,App/Website
The user interface is worst!,Negative,App/Website
Customer service was vile!,Negative,Customer Service
"this product is exactly what i expected, absolutely horrible.",Negative,Product Quality
Quality is excellent.,Positive,Product Quality
"It is too expensive, amazing value.",Positive,Pricing
"They ignored my emails, first-rate support.",Positive,Customer Service
"This product is exactly what I expected, absolutely trash!",Negative,Product Quality
the website is breathtaking.,Positive,App/Website
Quality is garbage!,Negative,Product Quality
Shipping was great!,Positive,Delivery
"Honestly, the product feels outstanding.",Positive,Product Quality
"Honestly, the product feels revolting.",Negative,Product Quality
the product is fine.,Neutral,Product Quality
"for the cost, this is atrocious.",Negative,Pricing
"they ignored my emails, revolting support.",Negative,Customer Service
navigation is bad.,Negative,App/Website
The package arrived good!,Positive,Delivery
The build material is tolerable!,Neutral,Product Quality
my experience with the agent was acceptable.,Neutral,Customer Service
The product is unbearable.,Negative,Product Quality
the package arrived unremarkable.,Neutral,Delivery
The product is abysmal.,Negative,Product Quality
my experience with the agent was loved.,Positive,Customer Service
"For the cost, this is glorious!",Positive,Pricing
i found the item to be phenomenal.,Positive,Product Quality
Customer service was awful.,Negative,Customer Service
My experience with the agent was pathetic.,Negative,Customer Service
Delivery was atrocious.,Negative,Delivery
The user interface is fair.,Neutral,App/Website
the package arrived okay.,Neutral,Delivery
the app is inferior.,Negative,App/Website
My experience with the agent was tolerable.,Neutral,Customer Service
"honestly, the product feels perfect.",Positive,Product Quality
"app keeps crashing, ok experience.",Neutral,App/Website
"it took forever to arrive, tolerable shipping.",Neutral,Delivery
The support team is horrendous!,Negative,Customer Service
logistics and shipping speed were vile.,Negative,Delivery
customer service was mediocre.,Neutral,Customer Service
Customer service was so-so.,Neutral,Customer Service
"Support replied immediately, middle-of-the-road service!",Neutral,Customer Service
"Support replied immediately, loved service!",Positive,Customer Service
